track_id;class_name;direction;speed_kmh
2;car;outbound;36.0
4;car;outbound;38.0
6;truck;inbound;53.0
9;car;inbound;64.0
14;bus;outbound;35.0
16;car;outbound;37.0
18;car;inbound;81.0
23;car;inbound;85.0
29;car;inbound;59.0
30;car;outbound;36.0
31;car;outbound;33.0
35;car;inbound;59.0
42;car;inbound;85.0
43;car;outbound;33.0
45;car;outbound;24.0
49;car;inbound;67.0
50;car;outbound;33.0
52;car;inbound;64.0
53;car;outbound;33.0
56;truck;inbound;53.0
59;bus;inbound;55.0
63;car;outbound;24.0
73;car;inbound;61.0
74;car;outbound;34.0
77;car;inbound;61.0
79;car;inbound;57.0
84;car;inbound;76.0
85;car;outbound;25.0
89;car;inbound;51.0
91;car;inbound;64.0
95;car;outbound;35.0
105;car;inbound;55.0
107;car;outbound;33.0
109;car;outbound;38.0
111;car;inbound;64.0
116;car;inbound;49.0
117;car;inbound;67.0
119;car;outbound;33.0
120;truck;outbound;26.0
122;car;inbound;57.0
123;car;outbound;37.0
124;car;inbound;73.0
126;car;inbound;51.0
129;car;outbound;36.0
138;car;inbound;57.0
139;car;outbound;33.0
147;car;inbound;67.0
151;car;inbound;59.0
152;truck;outbound;26.0
156;car;outbound;35.0
164;car;inbound;67.0
165;car;inbound;55.0
171;car;outbound;24.0
175;car;inbound;81.0
178;car;inbound;61.0
179;car;inbound;85.0
180;car;outbound;29.0
184;car;inbound;53.0
185;car;inbound;61.0
190;car;outbound;29.0
195;car;inbound;61.0
196;car;inbound;51.0
198;car;inbound;53.0
204;car;inbound;61.0
206;car;inbound;59.0
210;car;outbound;30.0
213;car;inbound;49.0
215;car;inbound;57.0
217;car;inbound;61.0
225;car;inbound;61.0
227;car;inbound;76.0
228;car;outbound;27.0
230;car;outbound;31.0
232;car;inbound;67.0
235;car;inbound;57.0
236;car;inbound;61.0
240;car;outbound;31.0
244;car;inbound;67.0
250;car;inbound;61.0
253;car;inbound;59.0
261;car;outbound;34.0
262;car;outbound;29.0
263;car;inbound;61.0
264;car;inbound;57.0
268;car;inbound;61.0
269;car;inbound;61.0
270;car;inbound;61.0
271;car;outbound;23.0
272;car;outbound;32.0
274;car;inbound;70.0
275;car;inbound;57.0
276;car;inbound;73.0
283;car;inbound;61.0
284;car;inbound;53.0
286;car;inbound;61.0
288;car;outbound;33.0
295;car;outbound;29.0
296;car;inbound;59.0
297;car;inbound;61.0
299;car;inbound;61.0
304;car;inbound;59.0
306;car;outbound;30.0
307;car;inbound;64.0
308;bus;outbound;29.0
309;car;inbound;61.0
313;car;inbound;57.0
315;car;outbound;29.0
320;car;inbound;85.0
325;car;outbound;30.0
326;car;inbound;26.0
327;car;inbound;76.0
328;car;inbound;64.0
336;car;inbound;61.0
344;car;outbound;31.0
345;car;inbound;57.0
346;car;outbound;27.0
349;car;inbound;61.0
352;car;inbound;67.0
353;car;inbound;59.0
354;car;outbound;23.0
355;car;outbound;23.0
356;car;inbound;70.0
359;car;outbound;41.0
360;car;inbound;57.0
363;car;inbound;70.0
366;bus;outbound;31.0
367;car;inbound;55.0
368;car;outbound;27.0
370;car;inbound;73.0
372;car;inbound;61.0
373;car;inbound;57.0
374;car;outbound;29.0
381;car;inbound;81.0
382;car;inbound;59.0
386;car;inbound;67.0
387;car;inbound;53.0
389;car;outbound;31.0
390;car;inbound;61.0
392;car;inbound;61.0
393;car;outbound;21.0
397;car;inbound;61.0
400;car;inbound;61.0
402;car;inbound;64.0
409;car;outbound;31.0
412;car;inbound;61.0
417;car;inbound;96.0
419;car;inbound;67.0
420;car;outbound;22.0
424;car;inbound;57.0
429;car;inbound;59.0
430;car;inbound;70.0
433;car;inbound;61.0
434;car;outbound;19.0
436;car;outbound;24.0
438;car;inbound;70.0
440;car;inbound;61.0
443;car;outbound;23.0
447;car;inbound;59.0
448;car;inbound;70.0
451;car;outbound;18.0
454;car;inbound;67.0
455;car;inbound;57.0
456;car;inbound;76.0
459;car;inbound;64.0
461;car;inbound;61.0
462;car;inbound;76.0
463;car;inbound;70.0
470;car;outbound;16.0
471;car;inbound;70.0
477;car;inbound;70.0
478;car;outbound;18.0
481;car;inbound;102.0
484;car;inbound;64.0
487;car;inbound;73.0
489;car;inbound;61.0
493;car;inbound;76.0
499;car;inbound;67.0
503;car;inbound;70.0
511;car;inbound;76.0
515;car;inbound;70.0
521;car;inbound;73.0
523;truck;inbound;51.0
534;car;inbound;70.0
537;car;inbound;61.0
539;car;inbound;70.0
543;car;inbound;76.0
544;truck;inbound;55.0
551;bus;inbound;57.0
552;car;inbound;67.0
561;car;inbound;73.0
568;car;inbound;73.0
572;car;inbound;90.0
578;car;inbound;76.0
579;car;inbound;76.0
582;car;inbound;67.0
583;car;inbound;64.0
584;car;inbound;55.0
586;car;inbound;64.0
588;car;inbound;61.0
591;car;inbound;57.0
592;car;inbound;57.0
593;car;inbound;70.0
602;car;inbound;81.0
604;car;inbound;67.0
4;car;outbound;18.0
7;car;inbound;96.0
12;truck;outbound;14.0
15;car;inbound;51.0
17;truck;outbound;14.0
19;car;inbound;64.0
20;car;inbound;70.0
22;car;outbound;26.0
24;car;inbound;53.0
25;truck;inbound;51.0
28;car;inbound;59.0
29;car;inbound;67.0
32;car;inbound;67.0
37;car;inbound;46.0
39;car;inbound;70.0
42;car;inbound;96.0
45;car;outbound;17.0
46;car;inbound;67.0
49;bus;inbound;90.0
63;car;inbound;70.0
70;car;inbound;57.0
74;car;inbound;64.0
76;car;outbound;31.0
79;car;inbound;55.0
81;car;inbound;67.0
83;car;inbound;67.0
86;car;inbound;67.0
89;car;inbound;73.0
91;car;inbound;67.0
98;car;inbound;70.0
99;car;inbound;64.0
100;bus;inbound;67.0
105;car;inbound;64.0
107;car;inbound;67.0
108;car;inbound;76.0
113;car;inbound;36.0
114;car;outbound;19.0
117;car;inbound;85.0
122;car;inbound;73.0
125;car;outbound;20.0
127;car;inbound;70.0
130;car;inbound;67.0
132;car;outbound;24.0
133;car;inbound;67.0
134;car;inbound;76.0
136;car;outbound;22.0
139;truck;inbound;57.0
145;car;inbound;73.0
149;car;inbound;59.0
150;car;outbound;25.0
151;car;inbound;59.0
154;car;outbound;28.0
155;car;inbound;73.0
156;car;outbound;25.0
157;car;inbound;76.0
159;car;inbound;73.0
161;car;inbound;55.0
163;car;inbound;67.0
164;car;outbound;35.0
166;car;inbound;67.0
171;car;inbound;70.0
172;car;inbound;64.0
173;car;outbound;33.0
174;car;outbound;37.0
178;car;inbound;73.0
186;car;inbound;96.0
187;car;inbound;67.0
190;car;inbound;73.0
194;bus;inbound;51.0
196;car;outbound;33.0
197;car;outbound;36.0
200;car;inbound;70.0
205;car;inbound;81.0
208;car;outbound;37.0
210;car;outbound;36.0
211;car;inbound;76.0
214;car;outbound;39.0
215;car;inbound;70.0
217;car;inbound;51.0
219;car;inbound;76.0
222;car;inbound;61.0
223;car;outbound;36.0
225;car;inbound;64.0
226;car;inbound;67.0
229;car;inbound;70.0
230;car;outbound;39.0
231;car;inbound;53.0
233;car;outbound;42.0
237;car;inbound;57.0
239;car;inbound;73.0
241;car;inbound;57.0
243;car;outbound;38.0
244;car;inbound;57.0
245;car;inbound;61.0
247;car;outbound;36.0
253;car;outbound;36.0
255;car;inbound;109.0
256;car;inbound;51.0
258;car;outbound;32.0
262;car;inbound;73.0
264;car;inbound;61.0
265;car;inbound;61.0
273;car;inbound;61.0
274;car;inbound;70.0
276;car;outbound;36.0
278;car;inbound;61.0
282;car;inbound;64.0
285;car;inbound;51.0
286;car;outbound;40.0
288;bus;outbound;38.0
290;car;inbound;64.0
291;car;inbound;61.0
296;car;outbound;34.0
298;car;outbound;40.0
300;car;inbound;96.0
302;car;inbound;51.0
304;car;outbound;40.0
305;car;inbound;67.0
309;car;inbound;61.0
310;car;inbound;45.0
317;car;inbound;67.0
320;truck;outbound;41.0
322;car;inbound;61.0
324;car;outbound;39.0
327;car;inbound;81.0
336;car;inbound;49.0
338;car;inbound;64.0
339;car;inbound;57.0
342;car;outbound;40.0
346;car;outbound;46.0
347;car;outbound;39.0
358;car;inbound;64.0
359;car;inbound;53.0
360;car;outbound;45.0
361;car;inbound;49.0
362;car;outbound;36.0
363;car;inbound;53.0
365;car;inbound;64.0
366;car;inbound;59.0
371;car;inbound;57.0
372;car;outbound;45.0
373;car;inbound;61.0
375;car;outbound;41.0
377;car;inbound;57.0
378;car;outbound;26.0
379;truck;inbound;59.0
380;car;inbound;59.0
381;car;outbound;45.0
385;car;inbound;55.0
388;car;inbound;59.0
390;car;inbound;55.0
396;car;outbound;35.0
397;car;inbound;70.0
399;car;inbound;67.0
400;car;outbound;34.0
409;car;inbound;59.0
411;car;outbound;37.0
412;car;outbound;39.0
414;car;outbound;42.0
418;car;inbound;64.0
420;car;outbound;38.0
421;car;inbound;61.0
422;car;outbound;35.0
423;car;outbound;45.0
424;car;inbound;59.0
426;car;outbound;35.0
428;car;inbound;59.0
434;car;inbound;67.0
435;car;outbound;44.0
437;car;outbound;29.0
439;bus;inbound;90.0
445;car;inbound;59.0
446;car;inbound;59.0
448;car;inbound;73.0
450;car;outbound;37.0
451;car;inbound;70.0
457;car;inbound;55.0
458;car;outbound;37.0
462;car;inbound;67.0
463;car;outbound;37.0
465;car;inbound;61.0
466;car;inbound;67.0
467;car;outbound;34.0
468;car;outbound;37.0
469;car;outbound;34.0
473;car;outbound;34.0
475;car;inbound;70.0
477;car;outbound;31.0
479;car;inbound;70.0
482;bus;inbound;55.0
490;car;inbound;67.0
495;car;inbound;53.0
500;car;outbound;49.0
501;car;inbound;57.0
503;car;inbound;76.0
505;car;outbound;35.0
506;car;inbound;59.0
508;car;outbound;46.0
509;car;inbound;76.0
511;car;outbound;41.0
512;car;inbound;73.0
514;car;outbound;42.0
515;car;inbound;59.0
516;car;outbound;53.0
519;car;inbound;70.0
525;car;inbound;64.0
527;car;inbound;59.0
529;car;inbound;73.0
530;car;inbound;67.0
1;car;outbound;48.0
6;truck;outbound;45.0
8;car;outbound;41.0
15;car;inbound;90.0
16;car;outbound;51.0
18;car;inbound;67.0
19;car;inbound;73.0
21;car;outbound;41.0
22;car;inbound;67.0
24;car;outbound;41.0
25;car;outbound;53.0
29;car;inbound;70.0
32;car;inbound;81.0
33;car;outbound;51.0
37;car;inbound;76.0
38;truck;outbound;31.0
39;truck;inbound;49.0
41;car;inbound;90.0
46;car;outbound;45.0
51;car;outbound;38.0
55;car;outbound;42.0
58;car;inbound;70.0
61;car;inbound;67.0
64;car;outbound;42.0
67;car;inbound;59.0
68;car;outbound;41.0
69;car;inbound;81.0
70;car;outbound;46.0
74;car;inbound;55.0
81;car;inbound;70.0
82;car;inbound;76.0
84;car;outbound;44.0
86;car;outbound;39.0
88;car;inbound;64.0
92;car;inbound;67.0
96;car;inbound;73.0
100;car;outbound;41.0
102;car;inbound;73.0
103;car;outbound;48.0
104;car;inbound;85.0
106;car;inbound;81.0
107;car;inbound;70.0
109;truck;inbound;49.0
110;car;outbound;48.0
113;car;inbound;70.0
114;car;outbound;41.0
115;car;inbound;73.0
116;car;outbound;37.0
119;car;outbound;42.0
120;car;inbound;70.0
121;car;inbound;76.0
123;car;inbound;53.0
124;car;outbound;36.0
125;truck;inbound;70.0
126;car;inbound;70.0
128;car;outbound;48.0
129;car;outbound;32.0
130;car;inbound;81.0
131;car;inbound;51.0
134;car;outbound;53.0
135;car;outbound;48.0
136;car;outbound;40.0
138;car;inbound;64.0
140;car;inbound;76.0
142;car;outbound;49.0
144;car;inbound;73.0
147;bus;inbound;55.0
151;car;outbound;46.0
152;car;inbound;73.0
153;car;inbound;70.0
154;car;outbound;53.0
158;car;inbound;70.0
163;car;outbound;42.0
165;car;outbound;55.0
168;car;inbound;53.0
169;car;outbound;42.0
170;car;inbound;70.0
176;car;inbound;67.0
180;car;inbound;64.0
183;car;outbound;55.0
184;car;outbound;46.0
192;car;inbound;70.0
194;truck;outbound;37.0
197;car;inbound;67.0
198;car;outbound;38.0
199;car;inbound;73.0
202;car;inbound;53.0
204;car;outbound;57.0
206;car;outbound;45.0
207;car;outbound;49.0
213;car;inbound;67.0
217;car;outbound;45.0
218;car;outbound;57.0
222;car;outbound;45.0
223;car;inbound;55.0
225;car;inbound;70.0
228;car;inbound;73.0
232;car;inbound;85.0
233;car;outbound;45.0
234;car;inbound;70.0
235;car;outbound;55.0
236;car;outbound;33.0
238;car;outbound;40.0
241;car;outbound;57.0
242;car;inbound;70.0
243;car;outbound;39.0
245;car;outbound;57.0
246;car;inbound;61.0
250;car;inbound;70.0
251;car;outbound;41.0
252;car;outbound;49.0
253;car;inbound;76.0
254;truck;outbound;46.0
255;car;inbound;64.0
257;car;inbound;73.0
260;car;outbound;48.0
261;car;inbound;64.0
263;car;inbound;73.0
264;car;inbound;67.0
265;car;outbound;38.0
266;car;outbound;44.0
268;car;outbound;46.0
270;car;inbound;73.0
273;truck;outbound;49.0
275;car;inbound;118.0
281;car;inbound;64.0
283;car;inbound;81.0
284;car;outbound;48.0
289;car;inbound;64.0
290;car;outbound;48.0
297;car;inbound;70.0
298;car;inbound;81.0
300;car;outbound;46.0
302;car;outbound;45.0
307;car;outbound;42.0
312;car;inbound;76.0
314;car;inbound;67.0
315;car;outbound;48.0
327;car;outbound;46.0
328;car;outbound;49.0
330;car;inbound;76.0
332;car;inbound;59.0
334;car;inbound;76.0
335;car;outbound;48.0
336;car;inbound;76.0
337;car;outbound;46.0
338;car;outbound;35.0
344;car;inbound;59.0
346;car;inbound;76.0
347;car;outbound;45.0
348;car;inbound;70.0
349;car;outbound;41.0
353;car;inbound;70.0
358;car;outbound;34.0
359;car;inbound;57.0
360;car;outbound;49.0
361;car;outbound;49.0
362;car;inbound;67.0
363;car;outbound;38.0
368;car;outbound;49.0
369;car;inbound;67.0
370;car;outbound;38.0
374;car;inbound;61.0
375;car;inbound;67.0
376;car;outbound;46.0
378;truck;outbound;44.0
379;car;inbound;59.0
380;car;inbound;90.0
382;car;outbound;49.0
385;bus;inbound;51.0
387;car;inbound;85.0
390;car;inbound;57.0
391;car;outbound;42.0
396;car;inbound;67.0
398;car;outbound;53.0
403;car;inbound;67.0
406;car;inbound;55.0
412;car;inbound;90.0
413;car;outbound;55.0
414;car;inbound;70.0
416;car;inbound;73.0
419;car;inbound;70.0
420;car;outbound;55.0
421;car;outbound;44.0
422;car;inbound;73.0
424;car;inbound;59.0
428;bus;outbound;49.0
429;car;outbound;39.0
430;car;outbound;57.0
433;car;inbound;76.0
434;car;outbound;38.0
435;car;outbound;51.0
436;bus;outbound;48.0
438;car;inbound;73.0
442;car;inbound;70.0
443;car;outbound;49.0
444;car;inbound;73.0
446;truck;inbound;53.0
447;car;outbound;45.0
448;car;inbound;73.0
452;car;outbound;45.0
456;car;outbound;53.0
459;car;outbound;57.0
463;car;outbound;49.0
464;car;inbound;55.0
466;car;outbound;35.0
468;car;inbound;73.0
470;car;outbound;51.0
472;car;inbound;53.0
474;car;outbound;61.0
475;car;inbound;64.0
476;car;outbound;49.0
478;car;inbound;70.0
482;car;outbound;57.0
487;car;inbound;51.0
488;car;outbound;49.0
491;car;inbound;61.0
492;car;outbound;57.0
496;car;inbound;73.0
498;car;outbound;49.0
502;car;inbound;61.0
503;car;inbound;55.0
506;car;outbound;55.0
507;car;outbound;45.0
508;car;inbound;57.0
509;car;inbound;70.0
510;car;inbound;73.0
515;car;outbound;57.0
517;car;inbound;73.0
518;car;outbound;45.0
519;car;inbound;76.0
520;car;outbound;55.0
521;car;inbound;67.0
523;car;inbound;51.0
524;car;outbound;44.0
526;car;inbound;67.0
528;car;outbound;41.0
529;car;inbound;73.0
530;car;inbound;51.0
531;car;outbound;53.0
532;car;inbound;55.0
533;car;outbound;40.0
535;car;inbound;49.0
536;car;inbound;70.0
537;car;inbound;64.0
538;car;outbound;42.0
543;car;outbound;53.0
545;car;inbound;70.0
546;car;inbound;53.0
551;car;outbound;46.0
553;car;inbound;118.0
554;car;inbound;67.0
557;car;outbound;57.0
559;truck;outbound;46.0
560;car;inbound;73.0
562;car;inbound;51.0
564;car;outbound;55.0
565;car;inbound;64.0
567;truck;outbound;48.0
568;car;inbound;70.0
569;car;outbound;49.0
571;car;inbound;53.0
575;car;inbound;61.0
576;car;outbound;51.0
577;car;outbound;44.0
578;car;inbound;70.0
583;car;inbound;67.0
584;car;inbound;51.0
594;car;inbound;70.0
1;car;outbound;42.0
3;car;inbound;70.0
4;car;outbound;64.0
5;car;inbound;118.0
7;car;outbound;51.0
11;bus;outbound;45.0
16;car;inbound;57.0
17;car;outbound;51.0
19;car;inbound;67.0
20;car;inbound;49.0
21;car;outbound;46.0
23;car;outbound;35.0
26;car;inbound;59.0
29;car;inbound;57.0
30;car;inbound;70.0
31;car;outbound;44.0
33;truck;outbound;44.0
34;car;inbound;53.0
35;car;outbound;29.0
38;car;inbound;61.0
40;car;inbound;61.0
43;car;outbound;29.0
45;car;inbound;64.0
46;car;outbound;26.0
49;car;inbound;49.0
52;car;inbound;59.0
53;car;outbound;33.0
54;car;outbound;48.0
57;car;inbound;51.0
59;car;inbound;81.0
62;car;outbound;44.0
63;car;inbound;59.0
64;car;outbound;38.0
72;car;outbound;41.0
74;car;inbound;55.0
75;car;outbound;33.0
78;car;inbound;67.0
84;car;outbound;35.0
85;car;inbound;81.0
87;car;inbound;81.0
88;car;outbound;40.0
89;car;inbound;81.0
92;car;outbound;37.0
94;car;inbound;59.0
96;car;outbound;31.0
97;truck;outbound;53.0
99;car;inbound;73.0
104;truck;outbound;33.0
105;car;inbound;61.0
108;car;outbound;39.0
109;car;inbound;59.0
113;car;inbound;61.0
114;car;outbound;33.0
116;car;inbound;55.0
117;car;inbound;53.0
118;car;inbound;59.0
120;car;outbound;46.0
122;truck;outbound;40.0
124;car;outbound;45.0
127;car;outbound;36.0
129;car;inbound;76.0
134;car;inbound;67.0
135;car;outbound;38.0
138;car;inbound;67.0
142;car;inbound;76.0
145;car;outbound;46.0
148;car;inbound;67.0
150;car;inbound;81.0
151;bus;outbound;38.0
153;car;inbound;76.0
158;car;inbound;81.0
163;car;inbound;67.0
164;car;outbound;38.0
165;car;outbound;45.0
166;car;outbound;36.0
170;car;inbound;70.0
171;car;inbound;64.0
175;car;outbound;40.0
176;truck;outbound;36.0
179;car;inbound;61.0
181;car;inbound;73.0
182;car;outbound;36.0
184;car;inbound;76.0
187;car;outbound;34.0
188;car;inbound;64.0
194;car;outbound;46.0
195;car;inbound;64.0
196;car;outbound;27.0
201;car;inbound;67.0
202;car;outbound;32.0
206;car;inbound;67.0
209;car;inbound;73.0
210;car;outbound;42.0
211;car;outbound;33.0
214;car;inbound;76.0
218;car;outbound;31.0
221;car;inbound;64.0
222;car;inbound;70.0
224;car;outbound;35.0
225;car;outbound;42.0
226;truck;inbound;53.0
232;car;outbound;31.0
234;car;inbound;67.0
236;car;inbound;73.0
238;car;outbound;38.0
239;car;inbound;67.0
242;car;inbound;76.0
243;car;outbound;36.0
247;car;inbound;67.0
248;car;outbound;36.0
250;car;inbound;73.0
251;truck;outbound;41.0
253;bus;inbound;53.0
256;car;outbound;39.0
262;car;outbound;33.0
263;car;inbound;67.0
266;car;outbound;40.0
267;car;inbound;61.0
271;car;inbound;76.0
283;car;inbound;55.0
285;car;inbound;118.0
287;car;outbound;35.0
288;car;outbound;36.0
292;car;outbound;30.0
293;car;inbound;59.0
298;car;inbound;57.0
301;car;outbound;37.0
303;car;inbound;81.0
304;car;inbound;59.0
306;truck;outbound;27.0
311;car;inbound;81.0
313;car;outbound;38.0
316;car;inbound;55.0
317;car;inbound;73.0
318;car;outbound;39.0
322;car;inbound;73.0
323;car;inbound;51.0
324;car;outbound;26.0
327;bus;outbound;32.0
330;car;inbound;109.0
331;car;inbound;67.0
333;car;outbound;39.0
334;car;outbound;30.0
338;car;outbound;28.0
339;car;outbound;39.0
342;car;inbound;67.0
352;car;inbound;102.0
355;car;inbound;67.0
356;car;inbound;73.0
362;car;inbound;96.0
366;truck;outbound;33.0
369;car;outbound;55.0
370;car;inbound;73.0
376;truck;outbound;27.0
377;car;outbound;35.0
380;car;inbound;73.0
386;car;outbound;29.0
391;car;inbound;73.0
396;car;outbound;51.0
397;car;outbound;23.0
399;car;outbound;51.0
400;car;inbound;85.0
401;car;outbound;33.0
402;car;inbound;81.0
403;car;outbound;24.0
407;car;outbound;27.0
408;car;inbound;73.0
409;car;inbound;64.0
411;car;outbound;48.0
413;car;outbound;30.0
416;car;outbound;33.0
418;truck;inbound;59.0
419;car;inbound;70.0
421;car;inbound;90.0
422;car;inbound;70.0
427;car;outbound;48.0
429;car;outbound;31.0
431;car;outbound;44.0
435;car;outbound;31.0
437;car;outbound;36.0
441;car;inbound;81.0
442;bus;outbound;27.0
443;car;outbound;36.0
445;car;inbound;76.0
446;car;outbound;36.0
452;car;inbound;70.0
454;car;inbound;76.0
458;car;inbound;64.0
466;car;inbound;70.0
480;car;outbound;24.0
484;car;inbound;70.0
487;car;outbound;23.0
488;car;inbound;70.0
490;car;outbound;33.0
491;car;outbound;31.0
492;car;inbound;90.0
494;car;inbound;70.0
495;car;inbound;70.0
496;car;inbound;76.0
500;car;outbound;28.0
501;car;inbound;81.0
502;car;outbound;36.0
506;car;inbound;73.0
507;truck;inbound;59.0
516;car;inbound;70.0
520;car;outbound;36.0
524;car;inbound;67.0
525;car;outbound;31.0
526;car;outbound;34.0
527;car;inbound;70.0
529;car;inbound;57.0
530;car;outbound;34.0
531;car;outbound;35.0
532;car;inbound;55.0
534;car;outbound;31.0
536;car;outbound;36.0
537;car;inbound;67.0
538;car;outbound;33.0
539;car;inbound;59.0
541;car;inbound;73.0
543;car;outbound;34.0
544;car;outbound;33.0
546;car;inbound;90.0
548;bus;outbound;29.0
550;car;inbound;67.0
551;car;outbound;33.0
552;car;inbound;70.0
555;car;inbound;73.0
557;car;outbound;35.0
558;truck;outbound;33.0
561;car;outbound;33.0
562;car;outbound;33.0
564;car;outbound;28.0
565;car;inbound;81.0
566;car;outbound;34.0
567;car;inbound;70.0
568;car;outbound;34.0
572;car;inbound;70.0
573;car;inbound;64.0
1;car;outbound;28.0
2;car;outbound;32.0
5;car;outbound;26.0
7;car;inbound;73.0
14;car;inbound;73.0
16;car;outbound;33.0
17;car;inbound;81.0
19;truck;outbound;34.0
22;car;inbound;73.0
24;car;outbound;35.0
25;car;outbound;27.0
31;car;inbound;90.0
35;bus;outbound;36.0
40;car;inbound;70.0
44;car;outbound;22.0
47;car;inbound;70.0
49;car;inbound;73.0
54;car;inbound;70.0
55;car;inbound;73.0
56;bus;outbound;35.0
58;car;outbound;28.0
63;car;inbound;67.0
64;car;outbound;31.0
66;car;inbound;70.0
69;car;outbound;32.0
70;car;outbound;31.0
72;truck;inbound;57.0
73;car;inbound;81.0
75;car;inbound;73.0
76;car;inbound;70.0
77;car;outbound;33.0
81;car;inbound;73.0
83;car;inbound;76.0
85;car;inbound;49.0
88;car;inbound;70.0
89;car;outbound;41.0
90;car;outbound;38.0
91;car;inbound;70.0
95;car;inbound;57.0
97;car;inbound;70.0
98;car;inbound;64.0
99;car;outbound;36.0
109;car;inbound;57.0
110;car;inbound;70.0
111;car;inbound;64.0
113;car;outbound;40.0
116;car;outbound;38.0
117;car;inbound;67.0
120;car;inbound;70.0
122;car;outbound;37.0
125;car;inbound;64.0
129;car;inbound;67.0
131;car;outbound;41.0
132;bus;outbound;53.0
133;car;inbound;61.0
134;car;outbound;29.0
139;car;outbound;42.0
140;car;outbound;42.0
141;car;inbound;70.0
142;car;inbound;73.0
143;car;outbound;37.0
144;car;outbound;39.0
145;car;outbound;38.0
147;car;outbound;33.0
149;car;inbound;70.0
151;car;inbound;76.0
152;car;inbound;46.0
153;car;outbound;41.0
156;car;outbound;32.0
158;car;inbound;109.0
159;car;outbound;42.0
160;car;outbound;38.0
161;car;inbound;81.0
162;car;inbound;51.0
163;car;inbound;81.0
165;car;inbound;64.0
167;car;outbound;42.0
169;car;inbound;57.0
170;car;inbound;139.0
173;car;outbound;34.0
174;bus;outbound;37.0
175;car;outbound;33.0
178;car;outbound;41.0
180;car;inbound;57.0
183;car;inbound;81.0
184;truck;outbound;38.0
188;car;outbound;41.0
191;car;outbound;31.0
192;car;inbound;76.0
193;car;outbound;36.0
199;car;inbound;73.0
201;bus;inbound;64.0
205;car;outbound;38.0
207;car;outbound;38.0
210;car;inbound;76.0
212;car;outbound;34.0
215;car;outbound;37.0
216;truck;inbound;49.0
217;car;outbound;40.0
218;car;inbound;53.0
220;car;inbound;64.0
225;car;outbound;39.0
233;car;inbound;73.0
236;truck;inbound;45.0
240;car;outbound;37.0
245;car;inbound;59.0
248;car;outbound;41.0
249;car;inbound;67.0
251;car;outbound;31.0
252;car;inbound;64.0
255;car;outbound;36.0
256;car;inbound;61.0
257;car;outbound;44.0
260;car;outbound;38.0
262;car;inbound;64.0
263;car;inbound;48.0
265;car;inbound;64.0
268;car;outbound;42.0
270;car;inbound;67.0
271;car;outbound;38.0
278;car;inbound;51.0
281;car;inbound;67.0
282;car;inbound;59.0
289;car;outbound;36.0
290;car;inbound;64.0
292;car;outbound;38.0
294;car;inbound;61.0
296;car;outbound;39.0
299;car;inbound;59.0
304;car;inbound;53.0
305;car;outbound;40.0
306;car;inbound;64.0
307;car;inbound;73.0
308;car;outbound;37.0
309;car;inbound;59.0
310;car;outbound;35.0
311;car;outbound;36.0
313;car;inbound;67.0
319;car;outbound;37.0
320;car;outbound;36.0
321;car;inbound;70.0
322;car;inbound;59.0
324;car;outbound;38.0
328;car;inbound;59.0
329;car;outbound;41.0
331;car;inbound;28.0
332;car;inbound;64.0
334;car;outbound;35.0
335;car;outbound;39.0
337;car;inbound;59.0
338;car;outbound;40.0
342;car;inbound;57.0
343;car;inbound;55.0
346;car;inbound;70.0
347;car;outbound;42.0
351;car;inbound;53.0
352;car;inbound;53.0
353;car;inbound;55.0
356;car;inbound;55.0
357;car;outbound;34.0
358;car;outbound;41.0
359;bus;inbound;57.0
362;car;inbound;53.0
365;car;outbound;41.0
369;car;inbound;55.0
371;car;inbound;51.0
372;car;outbound;37.0
374;car;outbound;35.0
378;car;inbound;51.0
379;car;outbound;42.0
381;truck;outbound;33.0
383;car;inbound;51.0
385;car;inbound;53.0
386;car;inbound;51.0
387;truck;inbound;53.0
391;car;outbound;37.0
393;car;outbound;42.0
395;car;inbound;57.0
397;car;inbound;67.0
409;car;inbound;53.0
411;car;outbound;39.0
412;car;outbound;31.0
413;bus;inbound;57.0
414;car;outbound;39.0
417;car;inbound;51.0
422;car;inbound;59.0
425;car;inbound;55.0
426;car;inbound;42.0
427;car;inbound;46.0
428;car;outbound;39.0
430;car;outbound;39.0
433;car;inbound;49.0
434;car;inbound;53.0
436;car;outbound;36.0
438;truck;outbound;37.0
439;car;inbound;36.0
440;car;inbound;46.0
443;car;outbound;37.0
444;car;inbound;53.0
449;car;inbound;59.0
450;car;outbound;39.0
451;car;inbound;51.0
452;truck;outbound;34.0
453;car;inbound;53.0
455;car;inbound;57.0
458;car;outbound;33.0
466;car;outbound;41.0
469;car;outbound;42.0
470;car;inbound;55.0
472;car;inbound;49.0
473;car;outbound;46.0
474;car;outbound;29.0
477;car;inbound;67.0
479;car;outbound;38.0
483;car;inbound;57.0
485;car;outbound;48.0
487;car;outbound;40.0
491;car;inbound;81.0
492;car;inbound;96.0
493;car;inbound;76.0
496;car;outbound;41.0
497;car;outbound;51.0
500;car;inbound;53.0
501;car;inbound;76.0
503;car;outbound;36.0
504;car;inbound;55.0
507;car;outbound;36.0
508;car;inbound;55.0
510;car;outbound;46.0
512;car;outbound;33.0
514;car;inbound;51.0
515;car;inbound;81.0
516;car;outbound;27.0
517;car;inbound;81.0
519;car;outbound;33.0
520;car;outbound;45.0
521;car;outbound;45.0
523;car;inbound;81.0
527;car;inbound;53.0
530;car;inbound;67.0
531;car;inbound;73.0
532;car;outbound;44.0
535;car;inbound;61.0
536;car;inbound;76.0
537;truck;outbound;37.0
538;car;inbound;61.0
539;car;outbound;45.0
542;car;inbound;67.0
543;car;inbound;59.0
546;car;outbound;39.0
550;car;outbound;46.0
553;car;outbound;45.0
557;car;inbound;55.0
559;car;outbound;46.0
560;car;outbound;39.0
561;car;inbound;53.0
565;car;inbound;73.0
566;car;outbound;45.0
570;bus;outbound;41.0
572;truck;inbound;61.0
574;car;inbound;67.0
580;car;inbound;73.0
584;car;inbound;96.0
587;car;outbound;53.0
592;car;inbound;73.0
593;car;inbound;70.0
595;car;outbound;46.0
598;car;outbound;40.0
601;car;inbound;73.0
602;car;outbound;42.0
606;car;outbound;35.0
608;car;outbound;33.0
612;car;inbound;73.0
616;car;inbound;67.0
622;car;inbound;73.0
623;car;inbound;70.0
628;car;inbound;85.0
3;car;outbound;44.0
6;car;outbound;42.0
7;car;inbound;118.0
9;car;outbound;44.0
16;car;inbound;73.0
19;car;inbound;70.0
21;car;outbound;48.0
22;car;outbound;41.0
23;car;outbound;42.0
26;car;inbound;64.0
27;car;outbound;44.0
28;car;inbound;67.0
30;car;outbound;42.0
31;car;outbound;42.0
32;car;inbound;70.0
38;car;inbound;70.0
41;car;outbound;42.0
42;car;inbound;73.0
43;truck;inbound;55.0
46;car;outbound;44.0
53;car;outbound;36.0
60;car;inbound;67.0
61;car;outbound;39.0
65;truck;outbound;41.0
66;car;outbound;42.0
67;car;inbound;70.0
69;car;outbound;37.0
70;car;outbound;34.0
71;car;outbound;44.0
73;car;outbound;48.0
74;car;inbound;76.0
76;car;outbound;46.0
78;truck;outbound;61.0
79;car;inbound;76.0
83;car;inbound;73.0
86;car;inbound;59.0
89;car;outbound;45.0
90;bus;outbound;45.0
92;car;outbound;44.0
96;car;inbound;76.0
98;car;outbound;61.0
99;car;inbound;76.0
103;car;inbound;70.0
104;car;outbound;42.0
105;car;outbound;45.0
106;car;inbound;81.0
107;bus;inbound;70.0
108;car;outbound;44.0
110;car;outbound;48.0
111;car;inbound;81.0
112;truck;outbound;38.0
114;car;outbound;38.0
116;car;outbound;48.0
117;car;inbound;73.0
119;car;inbound;57.0
120;car;inbound;49.0
121;bus;outbound;39.0
124;car;outbound;49.0
125;car;inbound;59.0
126;car;outbound;39.0
127;car;inbound;73.0
130;car;outbound;49.0
133;car;inbound;59.0
134;car;inbound;48.0
136;car;outbound;30.0
139;car;outbound;48.0
141;car;inbound;57.0
142;car;outbound;42.0
145;car;outbound;33.0
147;car;inbound;55.0
150;car;inbound;70.0
155;car;inbound;73.0
156;car;outbound;44.0
158;car;outbound;46.0
164;car;inbound;70.0
166;car;inbound;64.0
168;car;inbound;67.0
169;car;outbound;49.0
170;bus;outbound;45.0
171;car;inbound;70.0
173;car;outbound;51.0
176;car;inbound;67.0
177;car;outbound;44.0
179;car;inbound;46.0
182;car;outbound;53.0
192;car;inbound;64.0
193;car;inbound;53.0
195;car;outbound;53.0
197;car;outbound;38.0
200;car;inbound;42.0
209;car;outbound;46.0
210;bus;inbound;59.0
211;car;inbound;67.0
216;car;inbound;70.0
219;car;outbound;40.0
222;car;outbound;48.0
225;car;outbound;44.0
226;car;inbound;55.0
227;car;outbound;45.0
229;car;inbound;70.0
233;car;outbound;46.0
237;car;outbound;44.0
240;car;inbound;61.0
241;car;inbound;67.0
242;car;outbound;57.0
243;car;inbound;48.0
246;car;outbound;42.0
248;car;inbound;61.0
251;car;inbound;48.0
252;bus;outbound;44.0
253;car;outbound;46.0
256;car;outbound;45.0
257;car;inbound;53.0
259;car;outbound;40.0
262;car;outbound;46.0
263;car;inbound;61.0
266;car;inbound;61.0
267;car;inbound;59.0
269;car;outbound;41.0
270;car;inbound;59.0
273;car;outbound;49.0
275;car;inbound;64.0
276;car;outbound;45.0
277;car;inbound;64.0
278;car;outbound;38.0
279;car;inbound;61.0
282;car;inbound;53.0
283;car;outbound;42.0
284;car;outbound;45.0
286;car;outbound;53.0
287;car;inbound;67.0
291;car;inbound;73.0
294;car;inbound;61.0
296;car;outbound;42.0
297;car;outbound;51.0
299;car;inbound;70.0
300;car;outbound;53.0
301;car;outbound;53.0
302;car;inbound;70.0
306;bus;inbound;59.0
309;car;outbound;51.0
310;car;inbound;76.0
312;car;outbound;49.0
313;car;inbound;57.0
318;car;outbound;49.0
319;car;outbound;51.0
322;car;inbound;70.0
323;car;inbound;64.0
329;car;outbound;49.0
331;car;inbound;96.0
332;car;outbound;49.0
333;car;outbound;36.0
335;car;inbound;48.0
338;car;inbound;73.0
343;car;inbound;81.0
344;car;inbound;76.0
345;car;outbound;49.0
346;car;outbound;48.0
347;car;inbound;67.0
348;car;outbound;51.0
350;car;inbound;48.0
352;car;inbound;73.0
353;car;outbound;49.0
354;car;inbound;73.0
356;car;inbound;76.0
358;car;outbound;51.0
364;car;inbound;73.0
368;car;inbound;44.0
369;car;outbound;51.0
372;car;inbound;73.0
374;car;inbound;55.0
375;car;outbound;42.0
376;car;outbound;55.0
380;car;outbound;55.0
382;car;inbound;73.0
383;car;inbound;81.0
384;car;outbound;48.0
387;car;inbound;64.0
390;car;inbound;49.0
393;car;outbound;39.0
394;car;outbound;57.0
395;car;inbound;46.0
397;car;inbound;61.0
398;car;inbound;67.0
400;car;outbound;44.0
401;car;outbound;55.0
406;car;outbound;55.0
407;car;inbound;53.0
408;car;inbound;102.0
409;car;inbound;49.0
411;car;inbound;49.0
412;car;outbound;48.0
414;car;outbound;36.0
416;car;inbound;70.0
419;car;outbound;45.0
420;car;inbound;76.0
423;car;outbound;53.0
424;car;inbound;70.0
425;car;inbound;59.0
427;car;outbound;51.0
428;car;inbound;67.0
430;car;inbound;57.0
431;car;outbound;45.0
433;car;outbound;59.0
434;car;inbound;57.0
435;car;inbound;61.0
436;bus;outbound;53.0
437;car;inbound;45.0
438;car;inbound;44.0
440;car;outbound;51.0
442;car;inbound;76.0
445;car;outbound;57.0
447;car;inbound;70.0
451;car;inbound;64.0
453;car;inbound;44.0
454;car;inbound;67.0
455;car;outbound;59.0
459;car;inbound;67.0
461;car;outbound;40.0
462;car;outbound;57.0
467;car;inbound;51.0
470;car;inbound;64.0
471;car;outbound;59.0
473;car;outbound;37.0
475;car;outbound;53.0
481;car;outbound;59.0
483;car;inbound;85.0
484;car;inbound;55.0
486;car;inbound;70.0
488;car;inbound;90.0
490;car;outbound;55.0
491;car;inbound;59.0
493;car;inbound;67.0
494;car;outbound;61.0
495;car;inbound;70.0
496;car;outbound;53.0
498;car;inbound;70.0
501;car;inbound;67.0
502;car;inbound;67.0
503;car;outbound;51.0
504;car;inbound;59.0
505;bus;outbound;46.0
508;car;inbound;61.0
509;car;outbound;55.0
510;car;inbound;64.0
511;car;inbound;64.0
512;car;outbound;42.0
513;bus;outbound;49.0
514;car;inbound;70.0
515;car;outbound;48.0
517;car;inbound;57.0
519;car;inbound;61.0
520;car;outbound;67.0
521;car;outbound;44.0
522;car;inbound;73.0
524;car;inbound;64.0
525;car;inbound;70.0
529;car;inbound;96.0
530;car;outbound;64.0
534;car;outbound;53.0
535;bus;inbound;51.0
536;car;inbound;67.0
539;car;inbound;70.0
541;car;inbound;61.0
542;car;outbound;51.0
548;car;inbound;109.0
549;car;outbound;57.0
550;car;outbound;53.0
551;car;inbound;70.0
554;car;outbound;41.0
555;car;inbound;61.0
556;car;inbound;67.0
558;car;outbound;51.0
559;car;inbound;67.0
561;car;outbound;61.0
562;car;outbound;61.0
564;car;outbound;53.0
566;car;outbound;48.0
567;car;inbound;53.0
569;car;inbound;67.0
571;car;outbound;61.0
572;car;inbound;73.0
573;car;inbound;57.0
574;car;inbound;67.0
576;car;outbound;59.0
580;car;outbound;42.0
581;car;outbound;57.0
582;car;inbound;53.0
583;car;inbound;73.0
584;car;inbound;73.0
585;car;outbound;53.0
586;car;outbound;46.0
587;car;outbound;55.0
588;car;inbound;57.0
590;car;outbound;46.0
593;car;inbound;70.0
596;car;outbound;48.0
598;bus;outbound;55.0
599;car;inbound;59.0
601;car;outbound;57.0
606;car;inbound;81.0
1;car;outbound;45.0
6;car;outbound;44.0
7;car;inbound;73.0
10;car;inbound;76.0
15;car;outbound;42.0
17;car;inbound;96.0
20;car;inbound;76.0
21;car;outbound;45.0
22;car;outbound;49.0
27;car;inbound;67.0
34;car;inbound;81.0
36;car;inbound;81.0
37;car;outbound;48.0
39;car;outbound;51.0
41;car;outbound;45.0
43;car;inbound;67.0
46;car;outbound;51.0
47;car;outbound;46.0
48;car;outbound;55.0
52;car;inbound;70.0
53;car;outbound;48.0
55;car;outbound;61.0
57;car;inbound;70.0
58;car;outbound;57.0
63;car;inbound;73.0
64;bus;outbound;57.0
67;car;inbound;70.0
68;car;outbound;41.0
69;car;outbound;61.0
70;car;outbound;53.0
76;car;inbound;76.0
80;car;inbound;70.0
82;car;outbound;64.0
84;car;outbound;55.0
87;car;inbound;76.0
88;car;inbound;70.0
89;car;outbound;55.0
95;car;inbound;81.0
97;car;outbound;67.0
100;car;outbound;53.0
101;car;outbound;39.0
102;car;inbound;73.0
103;car;inbound;81.0
104;car;outbound;61.0
107;car;outbound;55.0
110;car;inbound;76.0
111;bus;outbound;57.0
113;truck;outbound;46.0
114;car;outbound;55.0
115;car;inbound;81.0
117;car;outbound;61.0
118;car;inbound;73.0
119;car;outbound;59.0
122;car;inbound;109.0
123;car;inbound;55.0
124;car;inbound;85.0
125;car;inbound;67.0
126;car;outbound;55.0
127;truck;outbound;51.0
128;car;outbound;51.0
134;car;inbound;67.0
133;bus;outbound;48.0
136;truck;outbound;41.0
137;car;inbound;90.0
139;car;outbound;51.0
140;car;inbound;67.0
141;car;outbound;49.0
148;car;outbound;49.0
152;car;outbound;49.0
153;car;outbound;44.0
155;car;inbound;73.0
156;car;inbound;70.0
157;car;outbound;45.0
160;car;outbound;53.0
161;bus;outbound;46.0
162;bus;inbound;64.0
163;car;outbound;57.0
166;car;inbound;102.0
167;car;inbound;73.0
169;car;outbound;57.0
170;car;outbound;49.0
171;car;inbound;73.0
173;car;outbound;57.0
174;car;outbound;44.0
179;car;inbound;67.0
180;car;outbound;55.0
181;car;inbound;67.0
187;car;inbound;73.0
191;car;outbound;59.0
192;car;inbound;85.0
203;bus;outbound;51.0
204;car;outbound;59.0
205;car;inbound;85.0
209;car;outbound;53.0
210;car;outbound;67.0
212;car;inbound;76.0
213;car;inbound;81.0
215;bus;outbound;61.0
216;car;inbound;67.0
220;car;inbound;73.0
221;car;outbound;55.0
222;car;outbound;55.0
224;car;inbound;81.0
225;car;inbound;73.0
226;car;outbound;55.0
229;car;outbound;55.0
232;car;outbound;57.0
233;car;outbound;41.0
235;car;inbound;85.0
238;car;inbound;73.0
239;car;outbound;48.0
241;car;outbound;55.0
242;car;outbound;46.0
245;car;inbound;90.0
246;truck;inbound;57.0
247;car;outbound;53.0
249;car;outbound;51.0
252;car;outbound;44.0
253;car;inbound;76.0
254;car;inbound;61.0
255;car;outbound;48.0
256;car;inbound;81.0
257;car;outbound;55.0
259;car;outbound;45.0
260;car;outbound;53.0
262;car;inbound;73.0
265;car;outbound;46.0
266;car;inbound;76.0
268;car;outbound;53.0
270;car;inbound;55.0
274;car;inbound;73.0
279;car;outbound;49.0
281;car;inbound;61.0
282;car;inbound;81.0
284;car;outbound;49.0
285;car;outbound;53.0
286;car;inbound;81.0
289;car;inbound;64.0
292;car;inbound;85.0
294;car;inbound;81.0
295;car;outbound;51.0
299;car;outbound;49.0
300;car;outbound;51.0
301;car;outbound;45.0
306;car;inbound;81.0
308;car;inbound;76.0
309;car;outbound;45.0
311;car;outbound;45.0
312;car;inbound;76.0
313;car;outbound;44.0
314;car;outbound;35.0
317;car;outbound;46.0
319;car;outbound;45.0
321;car;outbound;45.0
322;car;outbound;44.0
323;car;inbound;61.0
324;car;outbound;44.0
325;car;outbound;41.0
333;car;outbound;48.0
337;car;outbound;44.0
338;car;inbound;81.0
340;car;inbound;90.0
341;car;outbound;45.0
342;car;outbound;48.0
344;car;inbound;55.0
348;car;outbound;42.0
351;car;inbound;76.0
353;car;outbound;49.0
354;car;outbound;45.0
355;car;outbound;41.0
357;car;outbound;49.0
358;car;inbound;76.0
359;car;outbound;51.0
362;car;outbound;46.0
364;car;inbound;70.0
365;car;outbound;55.0
366;car;outbound;46.0
367;car;inbound;76.0
369;car;outbound;55.0
370;truck;outbound;49.0
375;car;inbound;70.0
377;car;outbound;51.0
374;bus;inbound;57.0
380;car;outbound;48.0
383;car;outbound;48.0
386;car;outbound;61.0
388;car;inbound;70.0
394;car;inbound;70.0
395;car;outbound;48.0
397;car;outbound;51.0
398;car;inbound;73.0
401;car;outbound;49.0
402;car;inbound;67.0
405;car;outbound;53.0
415;car;inbound;76.0
416;car;outbound;51.0
417;car;inbound;64.0
418;car;outbound;49.0
419;car;outbound;51.0
421;car;outbound;46.0
422;car;outbound;48.0
424;bus;outbound;46.0
426;car;outbound;48.0
428;car;inbound;70.0
429;car;outbound;49.0
430;car;outbound;45.0
434;car;inbound;76.0
435;car;outbound;46.0
436;car;inbound;81.0
438;car;outbound;46.0
440;truck;outbound;42.0
441;car;outbound;46.0
443;car;inbound;85.0
445;car;inbound;81.0
446;car;outbound;44.0
449;car;inbound;76.0
451;car;outbound;48.0
455;car;inbound;85.0
456;car;outbound;36.0
459;car;inbound;81.0
460;car;inbound;76.0
465;car;outbound;44.0
466;car;inbound;85.0
473;car;inbound;70.0
474;car;inbound;85.0
475;car;inbound;85.0
476;car;inbound;73.0
6;car;outbound;36.0
7;car;outbound;35.0
9;car;outbound;40.0
10;car;outbound;38.0
15;car;inbound;57.0
17;truck;inbound;55.0
18;car;outbound;38.0
20;bus;outbound;39.0
21;car;inbound;64.0
28;car;outbound;38.0
31;car;inbound;76.0
32;car;inbound;64.0
34;car;outbound;37.0
38;car;inbound;73.0
39;car;inbound;61.0
41;car;outbound;36.0
42;car;outbound;40.0
44;car;outbound;41.0
47;car;outbound;37.0
49;car;inbound;73.0
52;car;outbound;41.0
57;car;outbound;42.0
59;car;inbound;85.0
60;car;inbound;73.0
62;car;outbound;45.0
73;car;outbound;53.0
74;car;outbound;46.0
75;car;outbound;46.0
76;car;inbound;81.0
77;car;outbound;45.0
82;car;inbound;61.0
85;bus;outbound;46.0
87;car;inbound;64.0
89;car;outbound;36.0
90;bus;outbound;32.0
99;car;outbound;42.0
100;car;outbound;39.0
103;car;outbound;39.0
108;car;inbound;81.0
112;car;outbound;45.0
113;bus;inbound;55.0
117;car;outbound;39.0
121;car;outbound;45.0
123;car;inbound;59.0
124;car;outbound;40.0
125;car;outbound;41.0
126;car;inbound;76.0
128;car;inbound;64.0
131;car;inbound;70.0
133;car;outbound;37.0
134;car;outbound;41.0
135;truck;outbound;39.0
138;car;inbound;73.0
139;car;inbound;57.0
140;car;inbound;81.0
142;car;outbound;44.0
143;car;inbound;76.0
145;car;inbound;76.0
146;car;outbound;42.0
147;car;outbound;44.0
150;car;outbound;38.0
151;car;inbound;70.0
152;car;outbound;39.0
153;car;outbound;41.0
156;bus;inbound;55.0
157;truck;outbound;42.0
158;car;outbound;38.0
164;car;inbound;73.0
166;car;inbound;70.0
171;car;inbound;51.0
172;car;outbound;38.0
173;car;outbound;37.0
174;car;outbound;41.0
177;car;inbound;81.0
180;car;inbound;90.0
181;car;outbound;42.0
183;car;inbound;70.0
184;car;inbound;70.0
185;car;outbound;38.0
194;car;inbound;81.0
196;car;outbound;39.0
198;car;inbound;70.0
202;car;inbound;81.0
208;car;outbound;39.0
209;car;outbound;41.0
213;car;outbound;41.0
218;car;inbound;90.0
219;car;inbound;70.0
222;car;inbound;102.0
224;car;outbound;40.0
225;car;outbound;42.0
226;car;outbound;38.0
227;car;outbound;34.0
232;car;inbound;61.0
235;car;outbound;39.0
236;car;inbound;85.0
239;car;outbound;38.0
241;car;outbound;37.0
242;car;inbound;67.0
243;car;outbound;41.0
245;car;inbound;61.0
247;car;outbound;33.0
249;car;outbound;39.0
250;car;inbound;73.0
252;car;outbound;37.0
255;car;inbound;73.0
256;truck;inbound;57.0
262;car;inbound;81.0
265;car;inbound;76.0
266;car;outbound;36.0
267;car;outbound;39.0
270;car;inbound;70.0
277;car;outbound;36.0
278;truck;outbound;40.0
282;car;outbound;36.0
283;car;outbound;37.0
285;truck;inbound;67.0
286;car;inbound;102.0
294;car;outbound;38.0
295;car;outbound;36.0
299;car;inbound;76.0
300;car;outbound;35.0
303;car;inbound;73.0
304;car;outbound;36.0
306;car;outbound;36.0
307;car;outbound;36.0
312;car;inbound;49.0
314;car;inbound;76.0
316;car;inbound;67.0
317;car;inbound;59.0
318;car;outbound;37.0
319;car;outbound;37.0
321;car;inbound;53.0
324;car;inbound;76.0
326;car;outbound;40.0
328;car;outbound;40.0
330;car;inbound;55.0
332;car;inbound;49.0
333;car;outbound;37.0
334;car;outbound;36.0
335;car;outbound;37.0
336;car;inbound;55.0
340;truck;outbound;38.0
342;car;outbound;37.0
344;car;inbound;76.0
345;car;outbound;32.0
347;car;inbound;90.0
349;car;outbound;36.0
350;car;inbound;64.0
352;car;inbound;59.0
361;car;outbound;33.0
363;car;outbound;35.0
364;car;inbound;73.0
366;car;outbound;38.0
368;car;inbound;67.0
369;car;inbound;73.0
370;car;inbound;81.0
371;car;outbound;37.0
372;car;outbound;37.0
378;car;inbound;64.0
379;car;inbound;81.0
380;car;outbound;39.0
381;car;inbound;76.0
386;car;inbound;70.0
387;car;outbound;38.0
389;car;outbound;37.0
390;car;inbound;61.0
391;car;inbound;64.0
392;car;outbound;37.0
394;car;inbound;67.0
397;car;outbound;34.0
399;car;outbound;37.0
404;car;outbound;36.0
406;car;outbound;36.0
409;car;outbound;36.0
412;car;inbound;73.0
413;car;inbound;59.0
414;car;outbound;39.0
418;car;inbound;73.0
420;car;outbound;29.0
421;car;outbound;40.0
422;car;outbound;29.0
423;car;inbound;67.0
426;car;inbound;64.0
427;car;outbound;42.0
428;car;outbound;24.0
429;car;outbound;35.0
431;car;inbound;67.0
432;car;inbound;73.0
434;car;outbound;42.0
436;car;outbound;40.0
439;car;inbound;76.0
440;car;outbound;41.0
441;car;outbound;36.0
443;truck;inbound;64.0
445;car;inbound;70.0
447;bus;inbound;57.0
448;car;outbound;36.0
449;car;outbound;40.0
455;car;inbound;73.0
457;car;outbound;44.0
462;car;outbound;38.0
464;car;inbound;70.0
468;car;inbound;61.0
470;car;outbound;35.0
471;car;inbound;73.0
472;car;outbound;39.0
474;car;inbound;28.0
475;car;outbound;44.0
476;car;inbound;81.0
477;car;inbound;61.0
478;car;inbound;76.0
482;car;inbound;81.0
483;car;outbound;38.0
487;car;inbound;70.0
489;car;outbound;42.0
490;car;outbound;31.0
491;car;inbound;70.0
493;car;inbound;64.0
495;car;outbound;40.0
496;car;inbound;53.0
497;car;outbound;45.0
499;car;outbound;40.0
500;car;inbound;73.0
501;car;outbound;38.0
503;car;inbound;70.0
504;car;inbound;53.0
505;car;outbound;40.0
506;car;inbound;73.0
508;car;inbound;64.0
509;car;outbound;40.0
510;truck;outbound;36.0
521;car;inbound;61.0
522;car;inbound;61.0
523;car;inbound;64.0
525;car;outbound;39.0
527;car;outbound;41.0
529;car;inbound;70.0
532;car;inbound;64.0
539;car;outbound;36.0
540;car;outbound;36.0
541;car;inbound;73.0
543;car;outbound;37.0
544;car;outbound;39.0
545;car;outbound;33.0
546;car;inbound;64.0
547;car;outbound;36.0
549;car;outbound;38.0
550;car;outbound;36.0
554;car;outbound;37.0
556;car;inbound;67.0
557;car;outbound;36.0
560;car;inbound;55.0
563;car;inbound;73.0
565;car;inbound;57.0
566;car;inbound;61.0
571;car;outbound;26.0
573;car;inbound;67.0
574;car;outbound;36.0
575;car;outbound;36.0
578;bus;inbound;57.0
580;truck;outbound;39.0
585;car;outbound;40.0
593;car;inbound;70.0
1;car;outbound;40.0
2;car;outbound;39.0
3;car;outbound;48.0
11;car;outbound;39.0
12;car;inbound;70.0
13;car;inbound;29.0
16;car;inbound;85.0
19;car;outbound;41.0
23;car;inbound;67.0
24;car;outbound;41.0
25;car;inbound;67.0
26;car;inbound;49.0
27;car;outbound;41.0
29;car;outbound;39.0
31;car;inbound;70.0
36;car;inbound;55.0
37;car;outbound;38.0
39;car;outbound;41.0
40;car;inbound;67.0
42;car;inbound;51.0
44;car;inbound;61.0
45;car;outbound;38.0
49;car;inbound;64.0
51;car;outbound;40.0
52;car;inbound;53.0
53;car;inbound;61.0
55;car;inbound;64.0
57;car;outbound;40.0
58;car;outbound;39.0
59;car;inbound;53.0
60;car;inbound;59.0
62;car;inbound;49.0
63;car;inbound;57.0
64;car;outbound;36.0
65;car;outbound;42.0
66;car;outbound;39.0
68;car;inbound;57.0
69;car;inbound;55.0
71;car;inbound;59.0
72;car;inbound;57.0
75;car;inbound;55.0
76;car;outbound;45.0
77;car;outbound;40.0
80;car;outbound;40.0
81;car;inbound;70.0
83;car;outbound;37.0
85;car;outbound;39.0
87;car;inbound;70.0
89;car;outbound;36.0
91;car;outbound;33.0
92;car;inbound;76.0
94;car;inbound;61.0
95;car;inbound;67.0
98;car;outbound;36.0
100;car;outbound;45.0
102;car;inbound;64.0
103;car;outbound;32.0
104;car;inbound;81.0
105;car;inbound;81.0
106;car;outbound;34.0
107;car;inbound;67.0
108;car;outbound;51.0
109;car;inbound;76.0
110;car;outbound;37.0
113;car;outbound;48.0
115;car;inbound;61.0
117;car;inbound;85.0
118;car;outbound;39.0
119;car;outbound;49.0
121;car;inbound;73.0
124;car;inbound;76.0
125;car;outbound;41.0
133;car;outbound;41.0
134;car;inbound;61.0
140;car;outbound;41.0
143;car;outbound;29.0
144;car;outbound;39.0
146;car;inbound;70.0
147;car;inbound;76.0
148;car;inbound;61.0
149;car;outbound;39.0
150;car;outbound;38.0
151;car;outbound;40.0
153;car;inbound;81.0
156;car;inbound;61.0
157;truck;outbound;35.0
158;car;outbound;42.0
159;car;outbound;40.0
161;car;inbound;81.0
163;car;outbound;49.0
175;car;inbound;76.0
176;car;outbound;40.0
178;car;outbound;41.0
179;car;outbound;32.0
182;car;inbound;57.0
185;car;outbound;36.0
186;car;outbound;40.0
187;car;outbound;46.0
190;car;inbound;64.0
196;car;inbound;64.0
197;car;outbound;41.0
198;car;inbound;40.0
200;car;inbound;109.0
201;car;outbound;36.0
202;car;outbound;31.0
203;car;outbound;42.0
204;car;inbound;59.0
205;car;outbound;26.0
207;car;outbound;35.0
209;car;inbound;67.0
210;car;outbound;33.0
211;car;outbound;42.0
213;truck;inbound;61.0
215;car;inbound;70.0
216;car;outbound;36.0
217;car;inbound;70.0
219;car;inbound;73.0
220;car;outbound;36.0
221;car;outbound;37.0
222;car;outbound;40.0
223;car;inbound;73.0
224;car;inbound;64.0
229;bus;inbound;49.0
230;car;outbound;40.0
231;car;outbound;33.0
235;car;outbound;35.0
236;car;inbound;76.0
237;car;inbound;73.0
238;car;outbound;40.0
239;car;inbound;55.0
243;car;inbound;67.0
244;car;inbound;64.0
246;car;inbound;67.0
247;car;outbound;36.0
249;car;outbound;33.0
250;car;outbound;40.0
251;car;inbound;73.0
252;car;inbound;49.0
256;car;outbound;34.0
257;car;outbound;33.0
258;car;outbound;39.0
260;car;inbound;53.0
261;car;inbound;70.0
264;car;outbound;38.0
265;car;outbound;39.0
266;car;outbound;34.0
269;car;inbound;64.0
270;car;inbound;53.0
271;car;outbound;41.0
272;car;inbound;51.0
274;car;inbound;61.0
276;car;inbound;73.0
277;car;outbound;40.0
280;car;outbound;27.0
281;car;inbound;76.0
282;car;inbound;49.0
285;car;outbound;41.0
286;car;outbound;39.0
288;car;inbound;67.0
289;car;inbound;55.0
291;car;inbound;70.0
293;car;outbound;39.0
294;car;outbound;40.0
295;car;inbound;73.0
299;car;outbound;41.0
302;car;inbound;67.0
303;car;outbound;38.0
304;car;inbound;51.0
306;car;inbound;59.0
309;car;outbound;42.0
310;car;inbound;59.0
311;car;inbound;57.0
312;bus;outbound;26.0
316;car;outbound;45.0
318;car;inbound;64.0
321;car;inbound;67.0
322;car;outbound;45.0
324;car;outbound;42.0
325;car;inbound;67.0
326;car;inbound;53.0
329;truck;outbound;39.0
333;car;inbound;70.0
334;car;outbound;51.0
335;car;inbound;51.0
336;car;outbound;45.0
338;bus;inbound;49.0
339;car;inbound;70.0
347;truck;inbound;57.0
348;car;outbound;49.0
362;car;outbound;38.0
371;car;outbound;41.0
372;car;inbound;61.0
373;car;outbound;40.0
375;car;inbound;81.0
376;car;inbound;73.0
377;car;outbound;39.0
379;truck;outbound;29.0
380;car;outbound;39.0
382;car;inbound;76.0
384;car;outbound;38.0
387;car;inbound;76.0
389;car;outbound;41.0
391;truck;inbound;55.0
395;car;inbound;67.0
397;car;inbound;70.0
398;car;outbound;31.0
402;car;outbound;39.0
405;car;outbound;36.0
408;car;inbound;73.0
410;car;outbound;29.0
411;car;outbound;41.0
417;car;inbound;76.0
419;car;inbound;90.0
420;car;inbound;70.0
421;car;outbound;29.0
422;car;inbound;55.0
423;truck;inbound;49.0
425;car;outbound;41.0
426;car;inbound;59.0
427;car;outbound;39.0
428;car;outbound;29.0
430;car;inbound;73.0
431;car;outbound;44.0
434;car;outbound;35.0
435;car;inbound;48.0
436;car;outbound;39.0
439;car;inbound;76.0
440;car;outbound;30.0
441;car;inbound;61.0
442;car;outbound;35.0
445;car;inbound;48.0
450;car;outbound;40.0
451;car;inbound;67.0
453;car;outbound;33.0
456;car;inbound;59.0
457;car;inbound;51.0
458;car;outbound;33.0
459;car;outbound;44.0
462;car;inbound;59.0
465;car;inbound;61.0
466;car;inbound;67.0
469;car;outbound;33.0
470;car;inbound;49.0
472;car;outbound;44.0
475;car;inbound;76.0
476;car;outbound;37.0
477;car;inbound;51.0
482;car;inbound;76.0
483;car;inbound;48.0
484;car;inbound;70.0
486;car;inbound;67.0
489;car;outbound;36.0
490;car;outbound;46.0
491;car;inbound;59.0
492;car;inbound;48.0
493;car;inbound;67.0
495;car;outbound;29.0
496;car;inbound;64.0
497;car;inbound;59.0
498;bus;inbound;57.0
500;car;outbound;33.0
501;car;outbound;36.0
504;car;outbound;44.0
506;car;inbound;64.0
508;car;inbound;59.0
509;car;inbound;57.0
510;car;outbound;31.0
511;car;outbound;40.0
512;car;inbound;64.0
514;car;inbound;67.0
518;car;outbound;31.0
527;car;inbound;90.0
530;car;inbound;67.0
531;truck;inbound;57.0
534;car;inbound;61.0
539;car;inbound;64.0
1;car;outbound;28.0
2;car;outbound;37.0
3;car;outbound;36.0
6;car;outbound;53.0
11;car;inbound;67.0
12;car;inbound;64.0
13;car;outbound;34.0
14;car;outbound;38.0
15;car;inbound;73.0
17;car;outbound;33.0
18;car;outbound;36.0
20;car;inbound;67.0
21;car;outbound;33.0
23;car;inbound;67.0
24;car;inbound;51.0
25;car;outbound;37.0
27;car;inbound;53.0
28;car;outbound;36.0
29;car;inbound;70.0
30;car;inbound;76.0
31;car;inbound;76.0
33;car;inbound;64.0
34;car;outbound;35.0
37;car;outbound;34.0
39;car;inbound;81.0
41;car;outbound;35.0
42;car;inbound;57.0
44;car;inbound;70.0
45;car;outbound;33.0
46;car;inbound;55.0
47;car;inbound;64.0
49;car;outbound;33.0
52;car;outbound;33.0
53;car;inbound;81.0
54;car;inbound;70.0
56;car;outbound;39.0
57;car;inbound;81.0
59;car;outbound;33.0
61;car;inbound;81.0
66;car;inbound;55.0
67;car;outbound;33.0
68;car;inbound;70.0
77;car;inbound;57.0
78;car;outbound;33.0
79;car;inbound;64.0
80;car;inbound;76.0
81;car;inbound;64.0
82;car;outbound;39.0
84;car;inbound;57.0
85;car;inbound;64.0
86;car;outbound;33.0
87;car;outbound;33.0
88;car;inbound;59.0
90;car;inbound;61.0
92;car;outbound;32.0
93;car;outbound;33.0
94;car;inbound;64.0
96;car;inbound;64.0
98;car;outbound;36.0
99;car;inbound;55.0
103;car;inbound;55.0
106;car;inbound;61.0
108;car;outbound;35.0
109;car;inbound;64.0
110;car;outbound;36.0
111;car;inbound;61.0
112;car;outbound;31.0
113;car;inbound;64.0
115;car;inbound;73.0
118;car;inbound;67.0
119;car;outbound;36.0
120;car;inbound;55.0
121;car;outbound;36.0
122;car;inbound;70.0
124;car;inbound;61.0
128;car;inbound;53.0
129;car;outbound;30.0
130;car;inbound;67.0
131;car;inbound;109.0
133;car;inbound;51.0
137;car;inbound;64.0
140;car;outbound;33.0
142;car;inbound;51.0
143;car;outbound;32.0
149;car;inbound;64.0
151;car;inbound;76.0
153;truck;inbound;59.0
154;car;outbound;34.0
156;car;outbound;32.0
158;car;inbound;73.0
161;car;inbound;64.0
168;car;inbound;55.0
169;car;inbound;64.0
172;car;inbound;64.0
175;car;outbound;34.0
176;car;inbound;64.0
177;car;outbound;38.0
179;car;outbound;35.0
181;car;inbound;61.0
183;car;inbound;64.0
184;car;outbound;27.0
190;car;inbound;67.0
193;car;outbound;34.0
195;car;outbound;37.0
196;car;outbound;31.0
197;car;inbound;73.0
198;car;outbound;37.0
199;car;outbound;36.0
201;car;outbound;33.0
203;car;outbound;37.0
204;car;outbound;37.0
205;car;outbound;29.0
206;car;inbound;67.0
212;car;outbound;40.0
215;car;outbound;25.0
216;car;outbound;40.0
218;car;inbound;67.0
219;car;inbound;76.0
220;bus;inbound;59.0
221;car;outbound;39.0
224;car;inbound;67.0
226;car;outbound;35.0
228;car;inbound;73.0
232;car;inbound;61.0
233;car;outbound;33.0
234;car;outbound;45.0
237;car;inbound;73.0
238;bus;inbound;55.0
242;car;outbound;29.0
248;car;inbound;70.0
249;car;outbound;44.0
251;car;outbound;33.0
252;car;inbound;67.0
256;car;inbound;64.0
258;car;outbound;41.0
259;truck;inbound;128.0
264;car;outbound;34.0
267;car;inbound;70.0
269;car;inbound;57.0
273;car;outbound;39.0
274;car;inbound;73.0
279;car;inbound;70.0
282;car;outbound;39.0
283;car;inbound;55.0
284;car;outbound;40.0
285;car;inbound;76.0
287;car;outbound;33.0
289;car;inbound;76.0
293;car;outbound;33.0
294;car;inbound;76.0
296;car;outbound;40.0
301;car;inbound;73.0
303;car;outbound;35.0
304;car;outbound;31.0
305;car;outbound;42.0
306;car;inbound;70.0
313;car;outbound;37.0
317;truck;inbound;45.0
321;car;outbound;36.0
325;car;inbound;46.0
330;car;outbound;36.0
335;car;outbound;31.0
337;car;outbound;38.0
338;car;outbound;36.0
340;car;inbound;73.0
343;car;inbound;73.0
344;car;outbound;41.0
345;car;outbound;41.0
348;car;inbound;85.0
351;car;outbound;37.0
352;car;outbound;35.0
354;car;outbound;40.0
355;car;outbound;39.0
361;car;inbound;59.0
362;car;inbound;70.0
364;car;inbound;73.0
365;car;outbound;39.0
366;bus;inbound;59.0
367;car;outbound;37.0
368;car;outbound;36.0
369;car;inbound;81.0
371;car;outbound;34.0
372;car;inbound;76.0
373;car;outbound;31.0
375;car;outbound;35.0
376;car;inbound;73.0
384;car;inbound;55.0
386;car;outbound;36.0
388;car;inbound;70.0
389;car;outbound;31.0
392;car;inbound;64.0
394;car;outbound;29.0
397;car;inbound;67.0
398;car;outbound;32.0
401;car;outbound;35.0
402;car;inbound;67.0
403;car;inbound;55.0
408;car;outbound;26.0
409;car;inbound;55.0
410;car;outbound;38.0
417;car;inbound;64.0
422;car;inbound;64.0
423;car;outbound;40.0
425;car;inbound;70.0
426;car;outbound;26.0
428;car;outbound;32.0
430;car;inbound;61.0
431;car;inbound;70.0
433;car;outbound;28.0
434;car;inbound;57.0
435;car;inbound;70.0
436;car;inbound;67.0
437;car;outbound;40.0
438;car;outbound;32.0
441;car;inbound;49.0
443;car;inbound;76.0
447;car;outbound;31.0
449;car;outbound;36.0
450;car;inbound;67.0
451;car;outbound;26.0
455;car;inbound;51.0
456;car;outbound;37.0
458;car;inbound;51.0
460;car;outbound;27.0
462;car;inbound;64.0
466;car;inbound;51.0
467;car;inbound;57.0
468;car;outbound;26.0
470;car;outbound;37.0
472;car;inbound;59.0
473;car;outbound;28.0
474;car;inbound;57.0
477;car;inbound;76.0
478;car;outbound;33.0
481;car;inbound;59.0
483;car;inbound;57.0
484;car;outbound;33.0
485;car;outbound;31.0
486;car;inbound;67.0
487;car;inbound;59.0
490;car;outbound;35.0
491;car;outbound;30.0
492;car;inbound;73.0
498;car;inbound;51.0
500;car;outbound;35.0
501;car;inbound;70.0
503;car;outbound;27.0
504;car;inbound;73.0
505;car;outbound;26.0
511;car;outbound;37.0
512;car;outbound;31.0
514;car;inbound;57.0
515;car;inbound;85.0
516;car;inbound;73.0
519;car;inbound;49.0
520;car;inbound;67.0
521;car;inbound;64.0
524;car;outbound;35.0
525;car;inbound;55.0
527;car;inbound;67.0
532;car;outbound;31.0
533;car;outbound;27.0
535;car;inbound;67.0
536;car;outbound;33.0
539;car;inbound;85.0
541;car;inbound;85.0
545;car;inbound;49.0
547;car;inbound;61.0
549;car;outbound;36.0
550;car;inbound;67.0
556;bus;outbound;36.0
558;car;inbound;61.0
559;car;outbound;36.0
564;car;inbound;96.0
568;car;inbound;61.0
569;car;inbound;64.0
570;car;inbound;61.0
571;car;outbound;31.0
572;car;outbound;31.0
574;car;outbound;39.0
579;car;inbound;64.0
582;car;inbound;59.0
583;car;inbound;67.0
585;car;outbound;36.0
587;car;outbound;46.0
588;car;inbound;57.0
589;car;inbound;57.0
591;car;inbound;67.0
593;car;inbound;73.0
595;car;inbound;61.0
597;car;inbound;55.0
599;car;inbound;67.0
601;car;inbound;67.0
603;car;inbound;53.0
1;car;outbound;40.0
3;car;outbound;31.0
4;car;outbound;30.0
5;car;inbound;67.0
7;car;inbound;128.0
16;car;inbound;64.0
18;car;inbound;73.0
19;car;outbound;42.0
20;car;outbound;36.0
21;car;outbound;26.0
28;car;inbound;53.0
29;car;outbound;40.0
30;car;inbound;73.0
35;car;outbound;45.0
37;car;inbound;45.0
46;car;inbound;49.0
56;car;inbound;67.0
58;car;inbound;44.0
59;car;outbound;40.0
61;car;inbound;67.0
62;car;outbound;45.0
63;car;outbound;39.0
65;car;inbound;45.0
66;car;inbound;73.0
71;car;outbound;46.0
75;car;outbound;33.0
77;car;outbound;44.0
79;car;outbound;41.0
80;car;inbound;67.0
83;car;outbound;44.0
84;car;inbound;59.0
85;car;inbound;64.0
87;bus;outbound;37.0
88;car;inbound;76.0
89;car;outbound;42.0
93;car;outbound;42.0
96;car;inbound;61.0
99;car;outbound;37.0
102;car;outbound;39.0
103;car;outbound;46.0
105;car;inbound;70.0
108;car;inbound;85.0
110;car;inbound;67.0
112;car;outbound;32.0
113;car;outbound;41.0
114;car;outbound;46.0
117;car;inbound;67.0
122;car;inbound;76.0
124;car;inbound;49.0
126;car;outbound;42.0
128;car;outbound;40.0
129;car;inbound;57.0
132;car;outbound;36.0
133;car;inbound;57.0
136;car;inbound;73.0
137;car;outbound;44.0
138;car;inbound;76.0
139;car;inbound;59.0
141;car;outbound;37.0
146;car;outbound;45.0
150;car;outbound;34.0
152;car;outbound;44.0
154;car;outbound;46.0
155;car;outbound;37.0
156;car;outbound;42.0
157;car;inbound;67.0
158;car;inbound;76.0
159;car;outbound;42.0
160;car;outbound;38.0
161;car;outbound;42.0
162;car;inbound;70.0
164;bus;inbound;55.0
165;car;outbound;42.0
166;car;outbound;34.0
167;car;outbound;42.0
168;car;outbound;44.0
169;car;outbound;42.0
170;car;outbound;44.0
171;car;outbound;46.0
172;car;outbound;41.0
173;car;outbound;46.0
174;car;outbound;39.0
176;truck;inbound;61.0
178;car;inbound;59.0
179;car;outbound;41.0
180;car;inbound;70.0
181;car;outbound;41.0
184;car;inbound;59.0
186;car;outbound;46.0
187;car;outbound;42.0
189;car;outbound;45.0
191;car;inbound;67.0
192;car;inbound;73.0
193;car;outbound;38.0
195;car;inbound;109.0
196;car;outbound;39.0
197;car;inbound;81.0
198;car;inbound;90.0
199;car;outbound;44.0
201;car;outbound;40.0
203;car;inbound;64.0
206;car;inbound;81.0
207;car;inbound;67.0
208;car;outbound;37.0
209;car;outbound;45.0
211;car;outbound;39.0
216;car;inbound;61.0
221;car;outbound;37.0
223;car;inbound;57.0
225;car;outbound;38.0
227;car;inbound;67.0
228;car;outbound;46.0
229;truck;outbound;36.0
232;car;inbound;59.0
233;car;outbound;35.0
236;car;outbound;45.0
238;car;inbound;51.0
240;car;inbound;73.0
241;car;outbound;39.0
242;truck;outbound;38.0
243;car;outbound;45.0
244;car;inbound;55.0
250;car;inbound;73.0
251;car;inbound;55.0
253;car;outbound;53.0
255;car;outbound;45.0
256;car;inbound;67.0
257;car;inbound;61.0
259;car;inbound;67.0
260;car;outbound;39.0
261;car;outbound;42.0
266;car;outbound;55.0
268;car;outbound;40.0
269;car;outbound;40.0
271;car;outbound;51.0
275;car;outbound;44.0
278;car;outbound;44.0
280;car;outbound;41.0
284;car;inbound;81.0
285;car;outbound;39.0
286;car;outbound;42.0
288;car;outbound;45.0
289;car;inbound;70.0
291;truck;outbound;41.0
292;car;outbound;44.0
294;car;outbound;51.0
295;car;inbound;73.0
297;car;outbound;48.0
298;car;outbound;42.0
301;car;inbound;73.0
303;car;outbound;48.0
304;car;outbound;38.0
305;truck;outbound;41.0
307;car;inbound;67.0
308;car;inbound;59.0
309;car;outbound;37.0
310;car;inbound;73.0
312;car;outbound;44.0
313;car;inbound;76.0
314;car;outbound;45.0
315;car;inbound;64.0
319;car;outbound;42.0
321;car;inbound;76.0
325;car;outbound;40.0
326;car;outbound;38.0
328;car;outbound;44.0
329;car;outbound;42.0
331;car;inbound;81.0
332;car;inbound;85.0
334;car;outbound;40.0
335;car;inbound;85.0
338;car;outbound;42.0
341;car;inbound;76.0
342;car;inbound;85.0
345;car;inbound;73.0
347;car;outbound;36.0
348;car;outbound;41.0
350;car;inbound;81.0
355;car;inbound;76.0
356;car;outbound;39.0
357;car;inbound;76.0
359;car;inbound;96.0
360;car;inbound;76.0
361;car;outbound;39.0
362;car;inbound;59.0
363;car;outbound;38.0
364;car;inbound;81.0
365;car;outbound;39.0
366;car;outbound;38.0
367;car;inbound;76.0
369;bus;outbound;42.0
370;car;outbound;40.0
371;car;inbound;64.0
373;car;inbound;64.0
376;car;outbound;40.0
379;car;outbound;31.0
382;car;outbound;41.0
385;car;inbound;73.0
387;car;outbound;45.0
388;car;outbound;39.0
389;car;outbound;41.0
390;car;inbound;70.0
392;bus;outbound;42.0
396;car;inbound;76.0
397;car;outbound;41.0
399;car;outbound;41.0
403;car;inbound;64.0
404;car;inbound;81.0
407;car;outbound;41.0
411;car;inbound;61.0
413;car;inbound;81.0
414;car;inbound;61.0
417;car;outbound;41.0
418;car;outbound;39.0
419;car;outbound;41.0
422;car;outbound;40.0
423;bus;inbound;67.0
426;car;inbound;73.0
428;car;outbound;37.0
430;car;outbound;35.0
431;car;outbound;40.0
435;car;outbound;38.0
436;car;inbound;70.0
438;car;outbound;40.0
441;bus;inbound;61.0
442;truck;outbound;38.0
444;car;outbound;42.0
446;car;outbound;42.0
452;car;inbound;61.0
453;car;outbound;36.0
454;car;outbound;39.0
455;car;inbound;73.0
456;car;outbound;44.0
457;car;outbound;36.0
458;car;outbound;36.0
1;car;outbound;48.0
2;car;outbound;37.0
4;car;outbound;40.0
10;car;outbound;40.0
14;car;inbound;76.0
16;car;inbound;70.0
17;car;inbound;76.0
20;car;outbound;44.0
21;car;outbound;42.0
22;car;inbound;73.0
25;car;inbound;70.0
26;car;outbound;36.0
27;car;outbound;41.0
28;car;outbound;46.0
31;car;outbound;32.0
34;car;outbound;44.0
38;car;outbound;27.0
40;car;outbound;45.0
44;car;outbound;34.0
47;car;inbound;55.0
49;car;outbound;36.0
50;car;inbound;70.0
52;car;outbound;39.0
56;car;inbound;32.0
58;car;inbound;102.0
59;car;inbound;70.0
67;car;outbound;39.0
71;car;outbound;40.0
73;car;inbound;102.0
78;car;outbound;37.0
79;car;inbound;73.0
80;car;outbound;39.0
81;truck;outbound;33.0
82;car;outbound;40.0
87;truck;inbound;55.0
88;car;outbound;40.0
91;car;outbound;28.0
93;car;outbound;51.0
94;car;inbound;70.0
96;car;inbound;81.0
98;car;inbound;61.0
101;bus;inbound;57.0
103;car;outbound;40.0
107;car;inbound;70.0
108;car;outbound;46.0
110;car;inbound;81.0
112;car;inbound;59.0
113;car;outbound;33.0
114;car;outbound;41.0
115;car;outbound;42.0
119;car;inbound;64.0
120;car;inbound;73.0
121;car;outbound;41.0
123;car;outbound;41.0
124;car;inbound;64.0
126;car;outbound;41.0
127;car;inbound;70.0
130;truck;outbound;46.0
132;car;inbound;70.0
133;car;outbound;38.0
134;car;inbound;73.0
135;car;inbound;64.0
138;car;inbound;70.0
140;car;outbound;36.0
149;car;outbound;36.0
150;car;outbound;45.0
155;car;outbound;37.0
156;car;outbound;42.0
157;car;inbound;76.0
159;car;outbound;46.0
160;car;inbound;67.0
164;car;outbound;41.0
166;car;inbound;76.0
169;car;outbound;41.0
170;car;outbound;48.0
171;car;inbound;76.0
172;bus;inbound;85.0
173;car;outbound;41.0
178;car;inbound;64.0
180;car;inbound;70.0
182;car;outbound;39.0
184;car;outbound;36.0
187;car;inbound;59.0
190;car;inbound;67.0
193;car;inbound;70.0
195;car;outbound;40.0
197;car;inbound;73.0
199;car;outbound;38.0
200;car;outbound;39.0
202;car;outbound;36.0
203;car;inbound;70.0
204;car;inbound;73.0
206;car;outbound;39.0
207;car;inbound;96.0
208;car;inbound;73.0
211;car;outbound;44.0
214;car;outbound;34.0
218;car;inbound;64.0
220;car;inbound;70.0
221;car;outbound;38.0
223;car;outbound;35.0
224;car;outbound;36.0
227;car;inbound;76.0
229;car;inbound;59.0
230;car;outbound;39.0
232;car;inbound;76.0
234;car;outbound;37.0
237;car;inbound;59.0
239;car;inbound;70.0
240;car;inbound;59.0
241;car;outbound;36.0
243;car;outbound;33.0
244;car;outbound;38.0
245;car;inbound;61.0
246;car;inbound;76.0
247;car;outbound;38.0
248;car;outbound;35.0
249;car;inbound;73.0
250;car;outbound;26.0
253;truck;outbound;31.0
255;car;inbound;67.0
256;car;inbound;81.0
257;car;outbound;39.0
259;truck;inbound;55.0
263;car;inbound;76.0
269;car;outbound;33.0
270;car;outbound;37.0
271;car;outbound;35.0
272;car;inbound;67.0
275;car;inbound;73.0
278;car;outbound;41.0
280;car;inbound;73.0
282;car;outbound;28.0
283;car;outbound;31.0
287;car;inbound;90.0
289;car;inbound;81.0
290;car;inbound;73.0
291;car;outbound;35.0
292;car;outbound;41.0
293;car;inbound;81.0
295;car;inbound;49.0
297;car;outbound;31.0
298;car;outbound;31.0
299;car;inbound;70.0
300;car;outbound;44.0
301;car;inbound;81.0
303;car;outbound;29.0
306;car;inbound;51.0
308;car;inbound;55.0
309;car;outbound;45.0
311;car;outbound;33.0
313;car;inbound;49.0
314;car;outbound;31.0
315;car;outbound;44.0
317;car;inbound;70.0
319;car;outbound;28.0
320;car;outbound;45.0
321;car;outbound;31.0
324;car;inbound;76.0
327;car;inbound;59.0
328;truck;outbound;29.0
329;car;inbound;70.0
331;car;outbound;44.0
335;car;outbound;29.0
336;car;inbound;70.0
340;car;outbound;36.0
342;car;outbound;35.0
345;car;inbound;76.0
350;car;outbound;41.0
353;car;inbound;70.0
357;car;inbound;64.0
358;car;outbound;31.0
361;car;inbound;81.0
362;car;inbound;64.0
363;car;outbound;48.0
364;car;inbound;73.0
368;car;outbound;33.0
369;car;inbound;67.0
370;car;inbound;70.0
371;car;outbound;39.0
372;car;outbound;33.0
375;car;inbound;81.0
378;bus;outbound;37.0
381;bus;outbound;32.0
386;car;inbound;85.0
390;car;outbound;39.0
392;car;inbound;76.0
395;car;outbound;39.0
400;car;inbound;81.0
407;car;inbound;102.0
408;truck;outbound;35.0
413;car;outbound;28.0
419;car;inbound;61.0
422;car;outbound;38.0
423;car;inbound;85.0
425;car;outbound;32.0
427;car;outbound;38.0
429;car;inbound;73.0
430;car;outbound;29.0
431;car;outbound;28.0
433;car;inbound;128.0
438;car;inbound;81.0
441;bus;outbound;28.0
443;car;inbound;70.0
446;car;inbound;76.0
452;car;inbound;61.0
454;car;outbound;27.0
455;car;outbound;40.0
457;car;inbound;81.0
461;car;inbound;85.0
465;car;outbound;36.0
469;car;inbound;90.0
470;truck;inbound;57.0
471;car;inbound;85.0
475;car;outbound;35.0
485;car;outbound;31.0
486;car;outbound;33.0
490;car;inbound;57.0
492;car;inbound;61.0
493;car;outbound;34.0
494;truck;outbound;30.0
495;car;outbound;26.0
502;car;inbound;59.0
504;car;outbound;33.0
509;car;inbound;81.0
510;car;inbound;70.0
513;car;outbound;22.0
514;car;outbound;35.0
515;car;outbound;32.0
517;car;outbound;32.0
519;car;outbound;25.0
522;truck;inbound;67.0
524;car;inbound;73.0
526;car;outbound;33.0
531;truck;outbound;27.0
534;car;inbound;96.0
535;car;outbound;34.0
538;car;outbound;30.0
539;car;inbound;57.0
541;car;inbound;76.0
543;car;inbound;70.0
552;car;inbound;53.0
554;car;inbound;76.0
1;car;outbound;31.0
5;car;outbound;29.0
7;car;inbound;128.0
9;car;inbound;67.0
14;car;outbound;34.0
16;car;inbound;59.0
19;car;inbound;102.0
20;car;outbound;31.0
21;car;inbound;81.0
24;car;inbound;67.0
26;car;inbound;73.0
30;car;inbound;57.0
35;car;inbound;96.0
36;car;outbound;26.0
38;car;outbound;31.0
42;car;inbound;55.0
45;truck;outbound;28.0
46;car;inbound;73.0
48;car;outbound;33.0
49;car;outbound;26.0
52;truck;outbound;33.0
53;car;outbound;28.0
54;car;inbound;59.0
55;car;inbound;76.0
56;car;outbound;34.0
58;car;inbound;57.0
62;car;outbound;25.0
63;car;outbound;33.0
69;car;outbound;34.0
70;car;inbound;70.0
72;car;inbound;73.0
73;truck;outbound;27.0
78;car;outbound;29.0
80;car;outbound;33.0
84;car;inbound;76.0
85;car;outbound;30.0
86;car;outbound;32.0
88;car;inbound;76.0
89;truck;inbound;51.0
90;car;outbound;28.0
94;car;outbound;33.0
95;car;outbound;34.0
97;car;inbound;85.0
102;car;outbound;32.0
103;car;inbound;53.0
105;car;outbound;23.0
106;car;inbound;70.0
110;car;inbound;67.0
113;car;inbound;73.0
114;car;outbound;34.0
115;car;inbound;70.0
116;car;outbound;31.0
119;car;inbound;42.0
130;car;inbound;96.0
131;car;outbound;29.0
132;car;inbound;70.0
138;bus;outbound;33.0
145;car;outbound;33.0
147;car;inbound;61.0
148;car;inbound;67.0
155;car;outbound;31.0
156;car;outbound;38.0
158;car;inbound;64.0
160;car;inbound;64.0
164;truck;outbound;33.0
165;car;inbound;67.0
168;car;inbound;67.0
171;car;outbound;37.0
172;car;outbound;34.0
173;car;outbound;26.0
174;car;inbound;81.0
175;car;outbound;22.0
176;car;outbound;37.0
181;car;inbound;73.0
185;car;inbound;73.0
188;car;outbound;38.0
189;car;outbound;36.0
192;car;outbound;25.0
196;car;inbound;64.0
197;car;inbound;85.0
198;car;inbound;70.0
199;car;outbound;26.0
202;car;outbound;34.0
203;car;inbound;73.0
204;car;outbound;36.0
215;car;outbound;36.0
217;car;inbound;73.0
220;bus;outbound;35.0
221;car;inbound;73.0
224;car;inbound;73.0
226;truck;outbound;37.0
228;car;outbound;37.0
229;car;inbound;76.0
230;car;inbound;61.0
232;bus;inbound;57.0
237;car;outbound;41.0
239;car;inbound;70.0
240;car;outbound;42.0
247;car;inbound;73.0
249;car;inbound;55.0
255;car;inbound;55.0
257;car;inbound;67.0
258;car;outbound;36.0
259;car;outbound;36.0
261;car;inbound;70.0
263;car;outbound;36.0
266;car;inbound;70.0
270;car;outbound;40.0
271;car;inbound;70.0
272;car;outbound;36.0
273;car;inbound;67.0
275;car;inbound;49.0
277;car;outbound;36.0
279;car;inbound;67.0
280;car;inbound;57.0
281;car;inbound;70.0
282;car;inbound;70.0
283;car;outbound;31.0
284;car;outbound;38.0
286;car;inbound;76.0
288;car;outbound;36.0
289;car;inbound;61.0
291;bus;inbound;59.0
292;car;outbound;39.0
293;car;inbound;73.0
294;car;outbound;34.0
295;car;inbound;81.0
297;car;inbound;70.0
298;car;inbound;70.0
299;car;inbound;67.0
300;car;outbound;39.0
301;car;outbound;42.0
303;car;outbound;35.0
304;car;inbound;73.0
305;car;outbound;42.0
306;car;inbound;70.0
307;car;inbound;67.0
310;car;outbound;40.0
311;car;inbound;57.0
312;car;inbound;70.0
313;car;outbound;37.0
314;car;outbound;33.0
316;car;inbound;81.0
319;car;outbound;42.0
321;car;outbound;45.0
324;bus;inbound;55.0
325;car;inbound;67.0
326;car;inbound;57.0
327;car;outbound;45.0
328;car;outbound;45.0
329;car;inbound;70.0
330;car;outbound;36.0
332;car;inbound;70.0
333;car;inbound;67.0
334;car;inbound;61.0
336;car;outbound;35.0
337;car;inbound;55.0
338;car;outbound;33.0
344;car;inbound;81.0
346;car;inbound;67.0
348;car;outbound;32.0
349;car;inbound;70.0
350;car;outbound;34.0
351;car;outbound;32.0
352;car;outbound;41.0
357;car;inbound;70.0
358;car;inbound;81.0
359;car;outbound;32.0
362;car;outbound;38.0
365;car;outbound;35.0
366;car;inbound;76.0
371;car;inbound;67.0
373;car;outbound;25.0
374;car;outbound;36.0
375;car;outbound;35.0
376;car;outbound;38.0
377;car;inbound;76.0
378;car;inbound;73.0
380;car;inbound;76.0
382;car;outbound;34.0
383;car;inbound;73.0
385;car;outbound;41.0
387;car;inbound;64.0
389;car;inbound;59.0
393;car;inbound;76.0
396;car;inbound;76.0
398;car;outbound;36.0
399;car;inbound;81.0
402;car;outbound;42.0
403;truck;outbound;26.0
405;car;inbound;61.0
406;car;outbound;35.0
407;car;inbound;81.0
409;car;inbound;61.0
411;car;inbound;76.0
414;car;outbound;33.0
417;car;inbound;61.0
419;car;inbound;81.0
420;car;outbound;36.0
426;car;inbound;76.0
430;car;inbound;70.0
431;car;outbound;37.0
433;car;outbound;32.0
434;car;outbound;36.0
438;car;outbound;36.0
440;car;outbound;28.0
441;car;inbound;81.0
443;car;outbound;36.0
447;car;inbound;57.0
449;car;outbound;33.0
450;truck;inbound;67.0
451;car;outbound;31.0
452;car;inbound;73.0
454;car;inbound;73.0
455;car;outbound;33.0
457;car;outbound;29.0
458;car;inbound;64.0
463;car;outbound;31.0
464;car;outbound;28.0
467;car;inbound;81.0
468;car;inbound;76.0
469;car;outbound;30.0
471;car;outbound;45.0
472;car;outbound;33.0
475;car;outbound;29.0
476;car;inbound;81.0
477;car;outbound;40.0
478;car;outbound;33.0
482;car;inbound;53.0
484;bus;outbound;33.0
485;car;outbound;41.0
489;car;inbound;96.0
490;car;outbound;41.0
491;car;inbound;85.0
494;car;inbound;73.0
496;car;inbound;59.0
498;bus;outbound;33.0
500;car;inbound;57.0
506;car;inbound;67.0
509;car;inbound;81.0
1;car;outbound;39.0
3;car;outbound;34.0
8;car;inbound;73.0
10;car;outbound;35.0
11;car;outbound;30.0
12;car;inbound;70.0
13;car;inbound;64.0
14;car;outbound;36.0
15;car;inbound;64.0
16;car;outbound;40.0
17;bus;inbound;53.0
18;car;outbound;33.0
19;car;outbound;30.0
22;car;inbound;70.0
23;car;outbound;42.0
25;car;inbound;73.0
26;car;outbound;36.0
27;car;inbound;73.0
29;car;outbound;34.0
34;car;inbound;53.0
36;car;inbound;73.0
38;car;outbound;38.0
41;car;inbound;85.0
42;car;inbound;70.0
43;car;outbound;38.0
44;car;inbound;53.0
45;car;outbound;36.0
48;car;inbound;85.0
49;car;inbound;33.0
51;car;inbound;76.0
52;car;outbound;40.0
53;car;outbound;39.0
55;car;outbound;33.0
56;car;inbound;64.0
57;car;inbound;67.0
60;car;inbound;70.0
63;car;outbound;38.0
64;car;outbound;40.0
65;car;inbound;70.0
66;car;inbound;55.0
67;car;inbound;70.0
69;car;inbound;76.0
70;car;outbound;38.0
72;car;outbound;41.0
73;car;outbound;37.0
75;car;inbound;70.0
80;car;outbound;39.0
81;car;inbound;70.0
82;car;outbound;39.0
88;car;inbound;70.0
90;car;inbound;73.0
91;car;outbound;40.0
92;car;inbound;76.0
94;truck;inbound;59.0
96;car;outbound;36.0
101;car;inbound;70.0
103;car;inbound;51.0
107;car;outbound;25.0
108;car;outbound;31.0
109;car;outbound;39.0
111;car;inbound;73.0
117;car;inbound;59.0
119;car;inbound;85.0
120;car;outbound;41.0
122;car;inbound;51.0
124;car;outbound;33.0
128;car;outbound;29.0
130;car;outbound;42.0
133;car;inbound;76.0
136;car;outbound;33.0
137;truck;outbound;31.0
139;car;outbound;45.0
140;car;inbound;61.0
144;car;outbound;41.0
146;car;outbound;23.0
147;car;inbound;59.0
150;car;inbound;61.0
154;car;outbound;45.0
155;car;outbound;28.0
156;car;inbound;64.0
157;car;outbound;33.0
162;car;outbound;29.0
163;car;inbound;70.0
164;car;outbound;35.0
166;car;inbound;61.0
169;car;outbound;46.0
171;car;outbound;34.0
173;car;inbound;61.0
174;car;outbound;41.0
179;bus;outbound;36.0
181;car;outbound;38.0
184;car;outbound;22.0
185;car;outbound;32.0
187;car;outbound;38.0
192;car;outbound;36.0
193;car;inbound;64.0
194;car;outbound;33.0
197;car;outbound;40.0
198;car;inbound;53.0
199;car;inbound;67.0
202;car;outbound;37.0
203;car;outbound;29.0
204;car;inbound;57.0
206;car;outbound;42.0
209;car;outbound;42.0
210;car;outbound;33.0
211;car;outbound;36.0
215;car;inbound;67.0
216;car;inbound;64.0
217;car;outbound;27.0
218;car;outbound;36.0
220;car;outbound;37.0
223;car;inbound;61.0
224;car;outbound;36.0
225;car;outbound;35.0
228;car;inbound;81.0
229;car;inbound;61.0
234;car;outbound;37.0
236;car;inbound;73.0
239;car;outbound;33.0
240;car;inbound;70.0
243;car;inbound;67.0
248;car;outbound;41.0
249;car;inbound;70.0
251;car;outbound;37.0
254;car;inbound;70.0
256;car;inbound;64.0
259;car;inbound;57.0
260;car;outbound;37.0
261;car;outbound;36.0
263;car;inbound;64.0
264;car;inbound;67.0
267;bus;inbound;55.0
270;car;outbound;36.0
273;car;inbound;64.0
280;car;outbound;41.0
281;car;inbound;53.0
282;car;outbound;38.0
283;car;inbound;67.0
286;car;outbound;38.0
288;car;outbound;40.0
292;car;inbound;81.0
294;car;inbound;67.0
297;car;inbound;61.0
301;car;inbound;73.0
303;car;outbound;41.0
304;car;inbound;64.0
307;car;inbound;53.0
309;car;outbound;41.0
310;car;inbound;85.0
316;car;inbound;85.0
319;truck;outbound;38.0
320;car;outbound;45.0
321;car;inbound;64.0
322;car;outbound;42.0
325;car;inbound;61.0
326;truck;inbound;76.0
328;car;outbound;38.0
330;car;outbound;45.0
335;car;outbound;42.0
337;car;inbound;55.0
338;car;inbound;70.0
339;car;outbound;41.0
341;car;inbound;61.0
342;car;inbound;53.0
343;car;outbound;46.0
344;car;outbound;45.0
345;car;inbound;61.0
346;car;outbound;36.0
347;car;outbound;40.0
348;car;inbound;102.0
349;car;inbound;67.0
351;car;inbound;64.0
352;car;outbound;41.0
356;car;inbound;55.0
358;car;outbound;45.0
362;car;inbound;55.0
365;bus;inbound;61.0
368;car;outbound;40.0
370;car;inbound;51.0
373;car;outbound;48.0
374;car;outbound;40.0
376;car;inbound;76.0
377;car;outbound;39.0
378;car;inbound;59.0
383;car;inbound;49.0
386;car;inbound;59.0
387;car;inbound;70.0
389;car;outbound;32.0
390;car;outbound;49.0
391;car;outbound;40.0
392;car;inbound;61.0
393;car;inbound;67.0
394;car;inbound;61.0
395;car;outbound;42.0
396;car;outbound;31.0
397;car;inbound;67.0
398;car;outbound;46.0
400;car;inbound;59.0
401;car;outbound;28.0
402;car;inbound;61.0
403;car;outbound;38.0
404;car;inbound;90.0
406;car;outbound;44.0
408;car;inbound;61.0
409;car;inbound;85.0
412;car;outbound;37.0
416;car;inbound;70.0
417;bus;outbound;40.0
418;car;inbound;61.0
422;car;inbound;64.0
424;car;inbound;61.0
425;car;outbound;37.0
426;car;outbound;41.0
427;car;inbound;70.0
429;car;inbound;61.0
430;car;inbound;67.0
431;bus;outbound;40.0
434;car;outbound;33.0
436;car;outbound;36.0
438;car;inbound;57.0
440;car;inbound;70.0
442;car;inbound;61.0
443;car;outbound;39.0
448;car;outbound;38.0
453;car;inbound;64.0
454;car;outbound;35.0
455;car;inbound;53.0
460;car;inbound;70.0
461;car;inbound;67.0
465;car;outbound;40.0
466;car;inbound;73.0
467;car;outbound;41.0
470;car;inbound;85.0
471;car;inbound;70.0
472;car;outbound;36.0
473;car;outbound;41.0
475;car;inbound;57.0
476;car;outbound;39.0
477;car;outbound;38.0
478;car;outbound;40.0
480;car;inbound;67.0
484;car;outbound;42.0
487;car;inbound;67.0
488;car;outbound;38.0
489;bus;outbound;40.0
493;car;inbound;70.0
495;car;outbound;41.0
496;car;outbound;37.0
498;car;inbound;67.0
500;car;outbound;42.0
501;car;outbound;37.0
502;car;inbound;64.0
506;car;outbound;37.0
507;car;outbound;38.0
510;car;inbound;70.0
511;car;inbound;76.0
515;car;outbound;34.0
516;car;inbound;64.0
521;car;inbound;76.0
522;car;outbound;36.0
523;car;inbound;76.0
524;car;inbound;59.0
525;car;outbound;37.0
530;car;outbound;37.0
531;car;outbound;36.0
532;car;inbound;73.0
533;car;inbound;61.0
534;truck;inbound;55.0
535;car;outbound;36.0
536;car;outbound;32.0
539;car;inbound;67.0
540;car;inbound;81.0
543;car;outbound;37.0
544;car;inbound;67.0
545;car;outbound;44.0
548;car;outbound;36.0
551;truck;outbound;39.0
552;car;outbound;37.0
553;car;outbound;41.0
554;car;outbound;33.0
555;car;inbound;70.0
557;car;inbound;70.0
560;car;outbound;39.0
562;car;inbound;73.0
563;truck;inbound;53.0
564;car;inbound;64.0
1;car;outbound;38.0
2;car;outbound;36.0
3;car;outbound;34.0
4;car;outbound;44.0
6;car;outbound;32.0
13;car;inbound;73.0
14;car;outbound;36.0
15;car;inbound;57.0
16;car;outbound;29.0
19;car;inbound;67.0
20;car;outbound;30.0
21;car;outbound;29.0
23;car;outbound;33.0
26;car;inbound;70.0
29;car;inbound;73.0
30;car;inbound;73.0
31;car;outbound;28.0
38;car;inbound;73.0
43;car;outbound;40.0
45;car;inbound;73.0
49;car;inbound;59.0
55;car;inbound;70.0
56;car;outbound;40.0
57;truck;outbound;31.0
61;truck;outbound;32.0
62;car;outbound;38.0
66;car;outbound;31.0
67;car;outbound;34.0
70;car;inbound;76.0
72;car;inbound;102.0
74;car;inbound;70.0
78;bus;inbound;64.0
82;car;outbound;36.0
83;car;inbound;70.0
88;car;inbound;85.0
90;truck;outbound;31.0
91;car;inbound;81.0
99;car;inbound;76.0
101;car;inbound;73.0
102;car;outbound;36.0
109;car;outbound;26.0
112;car;inbound;76.0
113;car;outbound;35.0
114;car;inbound;70.0
115;car;outbound;24.0
119;car;inbound;70.0
120;car;outbound;30.0
122;car;outbound;26.0
127;car;inbound;76.0
128;car;outbound;32.0
130;car;inbound;128.0
131;car;outbound;29.0
132;car;inbound;90.0
135;car;outbound;29.0
141;car;outbound;30.0
142;car;outbound;30.0
143;car;outbound;26.0
147;car;inbound;61.0
149;car;outbound;27.0
150;car;outbound;29.0
151;car;inbound;67.0
153;car;outbound;29.0
154;car;outbound;26.0
156;car;inbound;61.0
157;car;outbound;28.0
159;car;outbound;26.0
163;car;outbound;28.0
165;car;inbound;67.0
166;car;outbound;24.0
168;car;outbound;29.0
169;car;inbound;70.0
176;car;outbound;26.0
177;car;outbound;29.0
185;car;outbound;26.0
189;car;inbound;64.0
190;car;inbound;70.0
191;car;inbound;85.0
193;car;outbound;26.0
194;car;inbound;81.0
195;car;inbound;70.0
198;car;outbound;26.0
202;car;outbound;37.0
205;car;inbound;73.0
206;car;inbound;67.0
208;car;inbound;76.0
210;truck;inbound;51.0
213;car;outbound;27.0
214;truck;outbound;40.0
217;car;inbound;70.0
218;car;outbound;36.0
221;car;outbound;22.0
222;car;outbound;33.0
226;car;inbound;67.0
229;car;inbound;70.0
233;car;inbound;59.0
235;car;outbound;31.0
237;car;outbound;24.0
239;car;inbound;67.0
240;car;inbound;67.0
243;car;inbound;67.0
244;car;outbound;33.0
246;car;inbound;57.0
247;car;outbound;27.0
248;car;inbound;67.0
249;truck;inbound;51.0
250;car;inbound;57.0
254;car;inbound;59.0
255;bus;inbound;59.0
257;car;inbound;67.0
261;bus;outbound;33.0
263;bus;outbound;64.0
266;car;inbound;67.0
269;car;inbound;76.0
270;car;inbound;57.0
271;car;outbound;26.0
275;car;inbound;64.0
278;car;outbound;35.0
282;car;outbound;31.0
283;car;inbound;59.0
285;car;inbound;57.0
288;car;inbound;46.0
292;car;outbound;26.0
295;car;outbound;26.0
297;car;inbound;57.0
298;car;inbound;59.0
299;car;outbound;39.0
300;car;inbound;57.0
301;car;outbound;25.0
302;car;inbound;59.0
307;bus;outbound;31.0
308;car;inbound;67.0
310;car;inbound;53.0
311;car;outbound;31.0
312;car;inbound;55.0
313;truck;outbound;30.0
314;car;inbound;59.0
316;car;outbound;30.0
320;car;inbound;55.0
322;car;inbound;64.0
325;truck;outbound;39.0
326;car;outbound;31.0
328;car;outbound;29.0
330;car;inbound;55.0
333;car;outbound;26.0
334;car;inbound;61.0
336;car;inbound;61.0
340;car;outbound;31.0
341;car;inbound;57.0
342;car;inbound;61.0
343;car;outbound;33.0
344;car;outbound;33.0
347;truck;inbound;55.0
353;car;inbound;109.0
354;car;inbound;61.0
358;car;inbound;55.0
360;car;outbound;33.0
361;car;inbound;59.0
369;car;inbound;57.0
370;car;outbound;33.0
373;car;inbound;64.0
375;car;outbound;31.0
378;car;inbound;70.0
379;car;inbound;67.0
380;car;outbound;33.0
382;car;outbound;34.0
383;car;inbound;67.0
387;car;outbound;36.0
390;car;outbound;31.0
395;car;inbound;73.0
398;car;inbound;76.0
399;car;outbound;32.0
400;car;outbound;33.0
404;car;inbound;57.0
407;car;inbound;81.0
409;car;outbound;33.0
410;car;inbound;59.0
412;car;outbound;35.0
413;car;inbound;73.0
414;truck;inbound;61.0
418;car;inbound;64.0
420;car;inbound;73.0
423;car;outbound;35.0
424;car;outbound;30.0
425;car;outbound;33.0
427;car;inbound;55.0
428;car;outbound;33.0
430;car;inbound;85.0
431;car;inbound;61.0
432;car;outbound;35.0
433;car;inbound;64.0
435;car;inbound;70.0
436;car;outbound;31.0
438;car;outbound;33.0
444;car;inbound;61.0
445;car;outbound;34.0
446;car;inbound;67.0
448;car;inbound;57.0
449;car;inbound;96.0
450;car;outbound;33.0
451;car;outbound;31.0
454;car;inbound;57.0
456;car;inbound;70.0
459;car;outbound;28.0
460;car;outbound;33.0
463;car;inbound;51.0
464;car;inbound;67.0
465;car;inbound;67.0
466;car;outbound;33.0
468;car;inbound;57.0
469;car;outbound;34.0
470;car;outbound;32.0
471;car;inbound;64.0
472;car;inbound;61.0
474;car;inbound;90.0
479;car;inbound;70.0
482;truck;outbound;32.0
485;car;inbound;67.0
487;car;outbound;33.0
491;car;outbound;36.0
492;car;inbound;57.0
493;car;outbound;26.0
499;car;outbound;33.0
501;car;inbound;70.0
502;car;outbound;33.0
508;car;outbound;33.0
509;car;inbound;70.0
512;car;outbound;23.0
516;car;outbound;32.0
518;car;inbound;70.0
519;car;inbound;49.0
520;car;inbound;70.0
521;car;outbound;36.0
523;car;outbound;34.0
525;car;inbound;51.0
526;car;inbound;64.0
527;car;outbound;33.0
529;car;inbound;55.0
531;car;inbound;70.0
533;car;inbound;64.0
535;car;outbound;35.0
537;car;inbound;61.0
540;car;inbound;64.0
541;car;outbound;32.0
542;car;inbound;59.0
548;car;outbound;36.0
551;car;outbound;36.0
553;car;inbound;85.0
554;car;inbound;64.0
555;car;inbound;96.0
557;car;inbound;53.0
558;car;outbound;39.0
559;car;outbound;42.0
561;car;inbound;67.0
566;car;inbound;29.0
568;car;inbound;81.0
570;car;inbound;67.0
573;car;outbound;36.0
574;car;outbound;38.0
575;car;outbound;38.0
577;car;inbound;64.0
581;car;inbound;70.0
583;car;inbound;35.0
585;car;inbound;51.0
589;car;outbound;39.0
590;car;outbound;33.0
591;car;inbound;61.0
592;car;outbound;39.0
595;car;outbound;39.0
598;car;inbound;85.0
599;car;inbound;55.0
600;car;inbound;57.0
601;car;inbound;59.0
604;car;inbound;76.0
605;car;inbound;67.0
1;car;outbound;40.0
2;car;outbound;39.0
12;bus;outbound;35.0
15;car;inbound;67.0
18;car;inbound;73.0
19;car;inbound;59.0
21;car;outbound;41.0
22;car;inbound;61.0
23;car;outbound;34.0
24;car;inbound;57.0
25;car;outbound;40.0
26;car;outbound;41.0
31;car;inbound;59.0
32;car;inbound;61.0
34;car;outbound;42.0
36;car;inbound;67.0
37;car;inbound;57.0
38;car;inbound;59.0
39;car;inbound;61.0
40;car;outbound;40.0
44;car;outbound;40.0
45;car;outbound;42.0
46;car;inbound;64.0
49;car;outbound;39.0
51;car;inbound;67.0
52;car;inbound;70.0
53;car;inbound;57.0
54;car;outbound;40.0
56;car;inbound;64.0
57;car;outbound;44.0
60;car;inbound;70.0
61;car;outbound;36.0
62;car;outbound;28.0
65;truck;outbound;36.0
66;car;outbound;45.0
67;car;inbound;64.0
70;car;inbound;73.0
73;car;outbound;38.0
74;car;inbound;70.0
75;car;inbound;73.0
77;car;outbound;36.0
78;car;inbound;61.0
79;car;outbound;44.0
80;car;outbound;46.0
81;car;inbound;55.0
85;car;outbound;38.0
87;car;inbound;61.0
88;car;inbound;55.0
89;car;outbound;45.0
90;bus;inbound;49.0
91;car;inbound;61.0
94;car;inbound;64.0
95;car;outbound;36.0
98;car;inbound;64.0
99;car;outbound;46.0
101;car;inbound;67.0
103;car;outbound;36.0
105;car;outbound;40.0
107;car;inbound;64.0
108;car;inbound;55.0
110;car;outbound;49.0
111;car;inbound;67.0
112;car;outbound;38.0
118;car;inbound;49.0
119;car;inbound;57.0
120;truck;outbound;39.0
122;car;inbound;53.0
129;car;inbound;57.0
130;truck;outbound;29.0
132;car;outbound;44.0
135;car;outbound;41.0
139;car;inbound;64.0
142;car;inbound;102.0
145;car;outbound;38.0
146;car;inbound;64.0
148;car;inbound;57.0
149;car;outbound;44.0
152;car;inbound;61.0
155;car;outbound;36.0
157;car;outbound;42.0
158;car;inbound;67.0
159;car;outbound;33.0
160;car;inbound;57.0
161;car;inbound;59.0
164;car;outbound;40.0
165;car;outbound;40.0
166;car;inbound;61.0
168;car;outbound;35.0
169;car;outbound;40.0
171;car;inbound;67.0
174;car;inbound;76.0
175;car;outbound;37.0
176;car;inbound;70.0
178;car;outbound;39.0
179;truck;outbound;39.0
180;car;outbound;39.0
181;car;inbound;67.0
184;car;inbound;73.0
185;car;outbound;42.0
188;car;outbound;40.0
189;car;outbound;40.0
190;car;inbound;73.0
194;car;inbound;70.0
196;car;outbound;39.0
197;car;outbound;42.0
201;truck;inbound;55.0
205;car;outbound;41.0
207;car;outbound;45.0
211;car;outbound;44.0
216;car;outbound;39.0
218;car;inbound;76.0
219;car;inbound;70.0
221;car;outbound;45.0
222;car;outbound;40.0
224;car;outbound;38.0
225;car;outbound;42.0
227;car;outbound;40.0
228;car;outbound;39.0
231;car;outbound;41.0
232;car;outbound;40.0
233;car;outbound;33.0
234;car;outbound;38.0
236;car;inbound;85.0
237;car;outbound;33.0
238;car;outbound;39.0
240;car;inbound;85.0
241;car;outbound;38.0
244;car;inbound;81.0
247;car;outbound;37.0
248;car;outbound;41.0
252;car;inbound;81.0
253;car;outbound;44.0
255;car;outbound;40.0
257;car;outbound;41.0
260;car;inbound;76.0
261;car;inbound;61.0
262;car;inbound;76.0
265;car;inbound;67.0
266;car;outbound;40.0
267;car;outbound;44.0
269;car;outbound;40.0
273;car;inbound;70.0
274;car;outbound;41.0
275;car;inbound;70.0
276;car;inbound;73.0
277;car;outbound;31.0
279;car;outbound;40.0
280;car;inbound;53.0
281;car;inbound;81.0
282;car;inbound;73.0
283;car;outbound;44.0
284;car;inbound;49.0
287;car;inbound;81.0
288;car;outbound;39.0
290;car;outbound;42.0
292;car;inbound;73.0
296;car;inbound;73.0
298;car;inbound;32.0
299;car;outbound;36.0
302;car;inbound;73.0
303;car;inbound;76.0
307;car;outbound;41.0
308;car;inbound;76.0
312;car;outbound;32.0
315;car;outbound;49.0
316;truck;inbound;55.0
317;car;inbound;67.0
318;car;inbound;70.0
320;truck;outbound;37.0
322;car;outbound;42.0
323;car;inbound;64.0
328;car;outbound;42.0
331;car;inbound;55.0
333;car;outbound;41.0
334;bus;inbound;53.0
335;car;inbound;64.0
336;car;outbound;49.0
339;car;inbound;70.0
340;car;outbound;44.0
342;car;outbound;41.0
346;car;inbound;67.0
347;car;inbound;61.0
349;car;outbound;45.0
350;car;inbound;67.0
351;car;outbound;42.0
352;car;inbound;59.0
353;car;inbound;59.0
354;car;outbound;51.0
355;truck;inbound;49.0
358;car;outbound;40.0
360;car;inbound;67.0
363;car;inbound;67.0
364;car;inbound;61.0
368;car;inbound;57.0
369;car;outbound;41.0
370;car;outbound;46.0
371;car;inbound;55.0
372;car;outbound;42.0
374;car;inbound;61.0
377;car;outbound;36.0
381;car;inbound;73.0
382;car;inbound;49.0
383;car;outbound;44.0
384;car;outbound;44.0
385;car;inbound;46.0
390;car;inbound;64.0
391;car;outbound;41.0
393;bus;inbound;51.0
399;car;inbound;61.0
400;car;inbound;59.0
403;car;inbound;64.0
405;truck;outbound;39.0
406;car;outbound;44.0
407;car;inbound;61.0
409;car;inbound;59.0
410;car;outbound;32.0
413;car;inbound;57.0
415;car;inbound;61.0
417;car;outbound;39.0
419;car;outbound;35.0
420;car;outbound;39.0
421;car;inbound;59.0
427;car;outbound;38.0
429;car;inbound;61.0
430;car;inbound;59.0
431;car;inbound;64.0
433;car;outbound;32.0
435;car;outbound;38.0
436;car;outbound;36.0
437;car;inbound;59.0
438;car;outbound;33.0
439;car;inbound;64.0
440;car;outbound;33.0
441;car;outbound;37.0
442;car;outbound;34.0
445;car;outbound;33.0
447;car;inbound;73.0
448;car;inbound;61.0
450;car;outbound;35.0
452;car;inbound;64.0
454;car;inbound;70.0
455;car;inbound;85.0
456;truck;outbound;36.0
457;car;inbound;73.0
458;car;outbound;40.0
459;car;inbound;70.0
461;car;outbound;37.0
462;car;outbound;37.0
465;car;outbound;34.0
466;car;inbound;64.0
467;car;inbound;70.0
469;car;inbound;70.0
473;car;inbound;73.0
476;car;outbound;40.0
481;truck;outbound;37.0
482;car;inbound;90.0
483;car;outbound;37.0
486;car;inbound;76.0
488;car;outbound;39.0
490;car;outbound;45.0
495;car;outbound;37.0
497;truck;inbound;55.0
504;car;outbound;36.0
505;car;outbound;32.0
506;car;outbound;46.0
509;car;inbound;67.0
510;car;inbound;73.0
511;car;outbound;39.0
515;car;outbound;40.0
516;car;inbound;64.0
517;car;inbound;59.0
518;car;outbound;28.0
519;car;outbound;40.0
520;car;outbound;39.0
523;car;inbound;64.0
525;car;inbound;70.0
527;car;inbound;64.0
528;car;inbound;67.0
2;car;inbound;73.0
5;car;outbound;41.0
7;car;inbound;76.0
8;car;outbound;36.0
9;car;inbound;67.0
11;car;outbound;36.0
12;car;outbound;40.0
14;car;inbound;73.0
15;car;outbound;35.0
16;car;inbound;67.0
18;car;inbound;61.0
19;car;inbound;67.0
20;car;outbound;42.0
25;car;outbound;36.0
32;truck;outbound;40.0
33;car;inbound;59.0
36;car;inbound;73.0
40;car;outbound;32.0
42;car;outbound;41.0
43;car;inbound;76.0
46;car;inbound;67.0
47;car;outbound;36.0
48;car;inbound;64.0
49;car;inbound;67.0
50;car;outbound;36.0
51;car;outbound;34.0
54;car;inbound;67.0
55;car;outbound;33.0
56;car;inbound;67.0
58;car;outbound;34.0
59;car;inbound;67.0
60;car;inbound;64.0
61;car;outbound;36.0
63;car;outbound;39.0
66;car;outbound;41.0
68;car;inbound;73.0
70;car;outbound;31.0
72;car;inbound;73.0
74;car;inbound;64.0
76;car;outbound;39.0
77;car;inbound;81.0
79;car;outbound;31.0
80;car;outbound;33.0
81;car;outbound;32.0
86;car;inbound;81.0
88;car;outbound;36.0
89;car;outbound;38.0
91;car;inbound;81.0
92;car;outbound;38.0
93;car;outbound;36.0
95;car;outbound;37.0
101;car;outbound;33.0
102;car;outbound;39.0
103;car;inbound;67.0
112;car;outbound;41.0
114;car;outbound;33.0
116;car;inbound;90.0
118;car;inbound;67.0
123;car;inbound;109.0
127;car;inbound;67.0
128;car;inbound;76.0
131;car;inbound;70.0
133;car;outbound;44.0
136;bus;outbound;34.0
138;car;inbound;67.0
140;truck;outbound;28.0
141;car;outbound;44.0
144;car;inbound;73.0
145;car;outbound;44.0
146;bus;outbound;33.0
149;car;inbound;67.0
150;car;inbound;73.0
151;car;outbound;34.0
152;car;outbound;42.0
157;car;inbound;73.0
158;car;outbound;41.0
159;car;outbound;32.0
160;car;outbound;33.0
161;car;inbound;70.0
163;car;inbound;70.0
164;car;outbound;39.0
165;car;inbound;73.0
167;car;outbound;33.0
168;car;inbound;61.0
169;car;outbound;33.0
170;car;outbound;33.0
172;car;inbound;70.0
173;car;outbound;36.0
174;car;inbound;70.0
175;car;inbound;76.0
178;car;outbound;37.0
186;car;inbound;70.0
191;car;inbound;70.0
193;car;outbound;33.0
195;car;inbound;70.0
197;car;inbound;81.0
200;car;outbound;34.0
202;car;inbound;44.0
204;car;outbound;33.0
205;car;inbound;76.0
207;car;outbound;34.0
209;car;inbound;67.0
211;car;inbound;76.0
212;car;outbound;33.0
214;bus;outbound;31.0
215;car;inbound;96.0
216;car;outbound;34.0
217;car;inbound;73.0
218;car;inbound;48.0
220;car;outbound;32.0
222;car;outbound;36.0
223;car;inbound;42.0
224;car;inbound;76.0
232;car;inbound;76.0
233;car;outbound;31.0
235;car;inbound;53.0
238;car;outbound;32.0
242;car;inbound;59.0
243;car;outbound;26.0
246;car;inbound;49.0
253;car;inbound;76.0
254;car;inbound;67.0
256;car;outbound;34.0
258;car;inbound;70.0
261;car;inbound;61.0
264;truck;outbound;31.0
268;car;inbound;45.0
269;car;outbound;36.0
273;car;inbound;41.0
276;car;outbound;34.0
277;car;inbound;64.0
281;car;outbound;29.0
285;bus;outbound;25.0
286;car;outbound;29.0
287;car;inbound;39.0
294;car;inbound;102.0
297;car;inbound;25.0
299;car;inbound;70.0
300;car;outbound;27.0
304;car;outbound;32.0
305;car;inbound;57.0
309;car;inbound;40.0
310;car;outbound;27.0
311;car;outbound;36.0
315;car;inbound;67.0
316;car;outbound;28.0
318;car;outbound;27.0
320;car;outbound;36.0
321;car;inbound;44.0
329;car;inbound;39.0
330;car;outbound;30.0
331;car;outbound;27.0
332;car;outbound;36.0
333;car;inbound;61.0
334;car;inbound;61.0
335;car;outbound;31.0
338;car;inbound;59.0
340;car;inbound;61.0
341;car;outbound;32.0
342;car;inbound;36.0
343;car;inbound;57.0
345;car;outbound;27.0
346;car;inbound;61.0
347;car;outbound;29.0
348;car;inbound;36.0
349;car;inbound;59.0
350;car;inbound;57.0
351;car;outbound;36.0
353;car;inbound;61.0
354;car;inbound;41.0
357;car;outbound;26.0
358;car;inbound;57.0
360;car;inbound;67.0
361;car;inbound;59.0
365;car;outbound;28.0
366;car;inbound;57.0
368;car;outbound;31.0
369;car;inbound;36.0
370;car;inbound;51.0
372;car;inbound;53.0
373;car;inbound;51.0
374;car;outbound;27.0
375;car;outbound;33.0
376;car;outbound;28.0
377;car;outbound;22.0
378;car;inbound;73.0
381;car;inbound;36.0
383;car;inbound;96.0
384;car;inbound;61.0
389;car;outbound;27.0
391;car;outbound;30.0
398;car;inbound;36.0
399;car;inbound;53.0
401;car;outbound;25.0
402;car;inbound;53.0
403;car;inbound;49.0
405;car;outbound;33.0
406;car;outbound;30.0
409;car;outbound;27.0
414;car;inbound;48.0
415;car;inbound;39.0
418;car;outbound;33.0
419;car;inbound;33.0
420;car;inbound;48.0
422;car;outbound;29.0
423;bus;inbound;38.0
424;car;outbound;29.0
425;car;outbound;34.0
429;car;outbound;26.0
430;car;inbound;57.0
431;car;inbound;49.0
432;car;inbound;55.0
433;car;outbound;29.0
434;car;outbound;31.0
435;car;inbound;53.0
436;car;inbound;36.0
438;car;outbound;30.0
440;car;inbound;39.0
441;car;inbound;57.0
444;bus;outbound;28.0
445;car;inbound;36.0
447;car;outbound;24.0
448;car;inbound;55.0
449;car;inbound;26.0
454;car;inbound;55.0
455;car;inbound;49.0
456;car;outbound;22.0
458;car;outbound;23.0
459;car;inbound;73.0
461;car;inbound;76.0
462;car;inbound;46.0
465;car;inbound;51.0
466;car;outbound;29.0
468;car;outbound;30.0
469;car;inbound;51.0
472;truck;inbound;29.0
473;car;inbound;51.0
474;car;inbound;49.0
475;bus;inbound;25.0
476;car;outbound;27.0
477;car;outbound;26.0
479;car;outbound;21.0
480;car;inbound;70.0
481;car;inbound;49.0
483;car;inbound;48.0
486;car;outbound;27.0
487;car;inbound;73.0
491;car;outbound;21.0
493;car;outbound;24.0
494;car;inbound;51.0
495;car;outbound;27.0
497;car;inbound;32.0
498;car;outbound;22.0
503;car;inbound;53.0
504;car;inbound;48.0
505;car;outbound;31.0
506;car;inbound;36.0
507;car;outbound;25.0
514;car;inbound;49.0
520;bus;inbound;48.0
524;car;inbound;46.0
536;car;inbound;73.0
