track_id;class_name;line1_frame;line2_frame;crossing_frame;time_sec;window_5min;direction;speed_kmh
1;car;;;;;;;
2;car;56;14;56;2.24;1;outbound;36.42857142857143
3;car;;;;;;;
4;car;100;60;100;4.0;1;outbound;38.25
5;car;31;;;;;;
6;truck;12;41;41;1.64;1;inbound;52.75862068965518
7;car;;25;;;;;
8;car;;;;;;;
9;car;13;37;37;1.48;1;inbound;63.75000000000001
11;car;;;;;;;
14;bus;136;92;136;5.44;1;outbound;34.77272727272727
16;car;135;94;135;5.4;1;outbound;37.31707317073171
18;car;40;59;59;2.36;1;inbound;80.52631578947368
19;car;;;;;;;
21;truck;;;;;;;
23;car;56;74;74;2.96;1;inbound;85.0
25;truck;;101;;;;;
26;bus;;;;;;;
29;car;69;95;95;3.8;1;inbound;58.84615384615385
30;car;172;130;172;6.88;1;outbound;36.42857142857143
31;car;191;145;191;7.64;1;outbound;33.26086956521739
33;car;;;;;;;
34;car;;;;;;;
35;car;101;127;127;5.08;1;inbound;58.84615384615385
36;car;;;;;;;
38;car;;170;;;;;
39;car;;189;;;;;
41;car;132;;;;;;
42;car;136;154;154;6.16;1;inbound;85.0
43;car;244;198;244;9.76;1;outbound;33.26086956521739
44;car;;;;;;;
45;car;308;244;308;12.32;1;outbound;23.90625
46;car;;;;;;;
48;car;;262;;;;;
49;car;218;241;241;9.64;1;inbound;66.52173913043478
50;car;314;268;314;12.56;1;outbound;33.26086956521739
52;car;252;276;276;11.04;1;inbound;63.75000000000001
53;car;358;311;358;14.32;1;outbound;32.55319148936171
56;truck;304;333;333;13.32;1;inbound;52.75862068965518
57;car;;;;;;;
58;car;;;;;;;
59;bus;313;341;341;13.64;1;inbound;54.64285714285714
63;car;384;321;384;15.36;1;outbound;24.285714285714285
66;car;;364;;;;;
68;truck;311;;;;;;
69;truck;;;;;;;
70;truck;314;;;;;;
72;car;;375;;;;;
73;car;324;349;349;13.96;1;inbound;61.2
74;car;431;386;431;17.24;1;outbound;34.0
76;car;;393;;;;;
77;car;354;379;379;15.16;1;inbound;61.2
79;car;355;382;382;15.28;1;inbound;56.666666666666664
82;car;;;;;;;
84;car;395;415;415;16.6;1;inbound;76.5
85;car;508;447;508;20.32;1;outbound;25.081967213114755
86;car;;;;;;;
87;car;;469;;;;;
89;car;417;447;447;17.88;1;inbound;51.00000000000001
91;car;450;474;474;18.96;1;inbound;63.75000000000001
93;car;;448;;;;;
95;car;550;506;550;22.0;1;outbound;34.77272727272727
98;car;;507;;;;;
99;car;;;;;;;
100;car;;468;;;;;
102;bus;;532;;;;;
103;car;;;;;;;
104;truck;;;;;;;
105;car;476;504;504;20.16;1;inbound;54.64285714285714
107;car;593;546;593;23.72;1;outbound;32.55319148936171
109;car;601;561;601;24.04;1;outbound;38.25
111;car;504;528;528;21.12;1;inbound;63.75000000000001
113;car;;513;;;;;
114;truck;;588;;;;;
116;car;525;556;556;22.24;1;inbound;49.354838709677416
117;car;556;579;579;23.16;1;inbound;66.52173913043478
119;car;655;608;655;26.2;1;outbound;32.55319148936171
120;truck;707;647;707;28.28;1;outbound;25.500000000000004
122;car;552;579;579;23.16;1;inbound;56.666666666666664
123;car;669;628;669;26.76;1;outbound;37.31707317073171
124;car;587;608;608;24.32;1;inbound;72.85714285714286
125;car;;;;;;;
126;car;577;607;607;24.28;1;inbound;51.00000000000001
128;car;;;;;;;
129;car;726;683;726;29.04;1;outbound;35.58139534883721
130;car;;631;;;;;
131;bus;;;;;;;
132;car;;690;;;;;
135;bus;;;;;;;
138;car;639;666;666;26.64;1;inbound;56.666666666666664
139;car;757;711;757;30.28;1;outbound;33.26086956521739
140;truck;;;;;;;
141;car;;;;;;;
142;bus;651;;;;;;
143;truck;;;;;;;
146;car;;;;;;;
147;car;674;697;697;27.88;1;inbound;66.52173913043478
148;truck;;654;;;;;
151;car;665;691;691;27.64;1;inbound;58.84615384615385
152;truck;820;760;820;32.8;1;outbound;25.500000000000004
153;truck;;;;;;;
155;bus;;672;;;;;
156;car;784;740;784;31.36;1;outbound;34.77272727272727
157;car;;697;;;;;
158;car;700;;;;;;
161;car;;;;;;;
162;car;;724;;;;;
163;car;;785;;;;;
164;car;722;745;745;29.8;1;inbound;66.52173913043478
165;car;718;746;746;29.84;1;inbound;54.64285714285714
166;car;;;;;;;
168;truck;;;;;;;
170;car;;815;;;;;
171;car;885;820;885;35.4;1;outbound;23.53846153846154
172;car;;825;;;;;
175;car;764;783;783;31.32;1;inbound;80.52631578947368
177;car;;;;;;;
178;car;784;809;809;32.36;1;inbound;61.2
179;car;777;795;795;31.8;1;inbound;85.0
180;car;896;844;896;35.84;1;outbound;29.423076923076923
184;car;790;819;819;32.76;1;inbound;52.75862068965518
185;car;795;820;820;32.8;1;inbound;61.2
186;truck;;;;;;;
187;car;;867;;;;;
190;car;923;870;923;36.92;1;outbound;28.867924528301884
192;truck;;;;;;;
195;car;829;854;854;34.16;1;inbound;61.2
196;car;856;886;886;35.44;1;inbound;51.00000000000001
198;car;849;878;878;35.12;1;inbound;52.75862068965518
200;car;;913;;;;;
202;car;;926;;;;;
203;car;;946;;;;;
204;car;897;922;922;36.88;1;inbound;61.2
206;car;897;923;923;36.92;1;inbound;58.84615384615385
207;car;;903;;;;;
208;car;;959;;;;;
209;car;;;;;;;
210;car;1020;969;1020;40.8;1;outbound;30.000000000000004
213;car;925;956;956;38.24;1;inbound;49.354838709677416
215;car;926;953;953;38.12;1;inbound;56.666666666666664
217;car;938;963;963;38.52;1;inbound;61.2
218;car;;1002;;;;;
221;car;;;;;;;
222;car;;1012;;;;;
224;car;957;;;;;;
225;car;971;996;996;39.84;1;inbound;61.2
226;car;;1016;;;;;
227;car;965;985;985;39.4;1;inbound;76.5
228;car;1119;1062;1119;44.76;1;outbound;26.842105263157897
230;car;1108;1059;1108;44.32;1;outbound;31.224489795918366
232;car;1016;1039;1039;41.56;1;inbound;66.52173913043478
233;car;;1019;;;;;
235;car;1014;1041;1041;41.64;1;inbound;56.666666666666664
236;car;1026;1051;1051;42.04;1;inbound;61.2
239;car;;1106;;;;;
240;car;1146;1096;1146;45.84;1;outbound;30.6
241;car;;1098;;;;;
244;car;1069;1092;1092;43.68;1;inbound;66.52173913043478
250;car;1093;1118;1118;44.72;1;inbound;61.2
252;car;;1152;;;;;
253;car;1089;1115;1115;44.6;1;inbound;58.84615384615385
254;car;;1093;;;;;
256;car;;1162;;;;;
259;car;;1134;;;;;
261;car;1224;1179;1224;48.96;1;outbound;34.0
262;car;1246;1194;1246;49.84;1;outbound;29.423076923076923
263;car;1141;1166;1166;46.64;1;inbound;61.2
264;car;1146;1173;1173;46.92;1;inbound;56.666666666666664
266;car;;1228;;;;;
268;car;1174;1199;1199;47.96;1;inbound;61.2
269;car;1179;1204;1204;48.16;1;inbound;61.2
270;car;1179;1204;1204;48.16;1;inbound;61.2
271;car;1341;1274;1341;53.64;1;outbound;22.83582089552239
272;car;1320;1272;1320;52.8;1;outbound;31.875000000000004
273;car;;1273;;;;;
274;car;1252;1274;1274;50.96;1;inbound;69.54545454545455
275;car;1218;1245;1245;49.8;1;inbound;56.666666666666664
276;car;1225;1246;1246;49.84;1;inbound;72.85714285714286
277;car;;1243;;;;;
279;car;;1299;;;;;
280;car;;1262;;;;;
281;car;;1262;;;;;
282;car;;1322;;;;;
283;car;1270;1295;1295;51.8;1;inbound;61.2
284;car;1276;1305;1305;52.2;1;inbound;52.75862068965518
286;car;1294;1319;1319;52.76;1;inbound;61.2
288;car;1401;1354;1401;56.04;1;outbound;32.55319148936171
290;truck;;1354;;;;;
291;car;;;;;;;
294;car;;;;;;;
295;car;1439;1386;1439;57.56;1;outbound;28.867924528301884
296;car;1327;1353;1353;54.12;1;inbound;58.84615384615385
297;car;1349;1374;1374;54.96;1;inbound;61.2
299;car;1392;1417;1417;56.68;1;inbound;61.2
301;car;;1447;;;;;
302;car;;;;;;;
304;car;1399;1425;1425;57.0;1;inbound;58.84615384615385
305;car;;;;;;;
306;car;1542;1491;1542;61.68;1;outbound;30.000000000000004
307;car;1425;1449;1449;57.96;1;inbound;63.75000000000001
308;bus;1559;1507;1559;62.36;1;outbound;29.423076923076923
309;car;1442;1467;1467;58.68;1;inbound;61.2
313;car;1484;1511;1511;60.44;1;inbound;56.666666666666664
315;car;1600;1547;1600;64.0;1;outbound;28.867924528301884
316;car;;;;;;;
320;car;1503;1521;1521;60.84;1;inbound;85.0
323;car;;1569;;;;;
324;car;;;;;;;
325;car;1641;1590;1641;65.64;1;outbound;30.000000000000004
326;car;1528;1588;1588;63.52;1;inbound;25.500000000000004
327;car;1535;1555;1555;62.2;1;inbound;76.5
328;car;1539;1563;1563;62.52;1;inbound;63.75000000000001
330;truck;;;;;;;
331;car;;1624;;;;;
336;car;1568;1593;1593;63.72;1;inbound;61.2
338;car;;1572;;;;;
340;truck;1576;;;;;;
341;car;;1588;;;;;
342;car;;1635;;;;;
344;car;1702;1653;1702;68.08;1;outbound;31.224489795918366
345;car;1592;1619;1619;64.76;1;inbound;56.666666666666664
346;car;1727;1670;1727;69.08;1;outbound;26.842105263157897
347;truck;;;;;;;
349;car;1615;1640;1640;65.6;1;inbound;61.2
350;car;;1634;;;;;
351;car;;1651;;;;;
352;car;1641;1664;1664;66.56;1;inbound;66.52173913043478
353;car;1650;1676;1676;67.04;1;inbound;58.84615384615385
354;car;1788;1722;1788;71.52;1;outbound;23.181818181818183
355;car;1784;1718;1784;71.36;1;outbound;23.181818181818183
356;car;1664;1686;1686;67.44;1;inbound;69.54545454545455
359;car;1763;1726;1763;70.52;1;outbound;41.35135135135135
360;car;1675;1702;1702;68.08;1;inbound;56.666666666666664
363;car;1707;1729;1729;69.16;1;inbound;69.54545454545455
364;bus;;1701;;;;;
366;bus;1844;1794;1844;73.76;1;outbound;30.6
367;car;1709;1737;1737;69.48;1;inbound;54.64285714285714
368;car;1840;1784;1840;73.6;1;outbound;27.32142857142857
370;car;1735;1756;1756;70.24;1;inbound;72.85714285714286
371;car;;1824;;;;;
372;car;1756;1781;1781;71.24;1;inbound;61.2
373;car;1757;1784;1784;71.36;1;inbound;56.666666666666664
374;car;1886;1833;1886;75.44;1;outbound;28.867924528301884
378;car;;1858;;;;;
381;car;1792;1811;1811;72.44;1;inbound;80.52631578947368
382;car;1814;1840;1840;73.6;1;inbound;58.84615384615385
385;car;;1880;;;;;
386;car;1819;1842;1842;73.68;1;inbound;66.52173913043478
387;car;1811;1840;1840;73.6;1;inbound;52.75862068965518
388;car;;1897;;;;;
389;car;1943;1893;1943;77.72;1;outbound;30.6
390;car;1857;1882;1882;75.28;1;inbound;61.2
392;car;1852;1877;1877;75.08;1;inbound;61.2
393;car;2015;1942;2015;80.6;1;outbound;20.958904109589042
395;car;;1935;;;;;
396;car;;1939;;;;;
397;car;1907;1932;1932;77.28;1;inbound;61.2
400;car;1904;1929;1929;77.16;1;inbound;61.2
402;car;1948;1972;1972;78.88;1;inbound;63.75000000000001
403;car;;1973;;;;;
406;car;;;;;;;
407;car;;2000;;;;;
409;car;2054;2004;2054;82.16;1;outbound;30.6
411;car;;2011;;;;;
412;car;1953;1978;1978;79.12;1;inbound;61.2
415;car;;2045;;;;;
416;car;;2053;;;;;
417;car;1988;2004;2004;80.16;1;inbound;95.625
419;car;2000;2023;2023;80.92;1;inbound;66.52173913043478
420;car;2144;2073;2144;85.76;1;outbound;21.549295774647888
421;car;;;;;;;
422;car;;;;;;;
424;car;2037;2064;2064;82.56;1;inbound;56.666666666666664
425;car;;2094;;;;;
429;car;2058;2084;2084;83.36;1;inbound;58.84615384615385
430;car;2063;2085;2085;83.4;1;inbound;69.54545454545455
431;car;;2114;;;;;
432;car;;2142;;;;;
433;car;2089;2114;2114;84.56;1;inbound;61.2
434;car;2254;2173;2254;90.16;1;outbound;18.888888888888886
435;car;;2110;;;;;
436;car;2225;2160;2225;89.0;1;outbound;23.53846153846154
438;car;2105;2127;2127;85.08;1;inbound;69.54545454545455
440;car;2117;2142;2142;85.68;1;inbound;61.2
442;car;;2134;;;;;
443;car;2278;2211;2278;91.12;1;outbound;22.83582089552239
445;car;;2153;;;;;
446;car;;2160;;;;;
447;car;2158;2184;2184;87.36;1;inbound;58.84615384615385
448;car;2174;2196;2196;87.84;1;inbound;69.54545454545455
451;car;2360;2273;2360;94.4;1;outbound;17.586206896551726
454;car;2204;2227;2227;89.08;1;inbound;66.52173913043478
455;car;2197;2224;2224;88.96;1;inbound;56.666666666666664
456;car;2197;2217;2217;88.68;1;inbound;76.5
459;car;2219;2243;2243;89.72;1;inbound;63.75000000000001
461;car;2228;2253;2253;90.12;1;inbound;61.2
462;car;2225;2245;2245;89.8;1;inbound;76.5
463;car;2255;2277;2277;91.08;1;inbound;69.54545454545455
464;car;;2341;;;;;
466;car;;2337;;;;;
467;car;;2318;;;;;
470;car;2476;2379;2476;99.04;1;outbound;15.773195876288662
471;car;2282;2304;2304;92.16;1;inbound;69.54545454545455
472;car;;2401;;;;;
477;car;2319;2341;2341;93.64;1;inbound;69.54545454545455
478;car;2513;2427;2513;100.52;1;outbound;17.790697674418606
479;car;;2436;;;;;
481;car;2323;2338;2338;93.52;1;inbound;102.00000000000001
482;car;;;;;;;
484;car;2344;2368;2368;94.72;1;inbound;63.75000000000001
486;car;;2482;;;;;
487;car;2381;2402;2402;96.08;1;inbound;72.85714285714286
488;car;;;;;;;
489;car;2396;2421;2421;96.84;1;inbound;61.2
490;car;;2476;;;;;
491;car;;;;;;;
493;car;2410;2430;2430;97.2;1;inbound;76.5
495;car;;2418;;;;;
496;car;;2532;;;;;
497;car;;;;;;;
499;car;2436;2459;2459;98.36;1;inbound;66.52173913043478
500;car;2441;;;;;;
503;car;2462;2484;2484;99.36;1;inbound;69.54545454545455
504;car;;2462;;;;;
505;car;;2572;;;;;
508;car;;2659;;;;;
510;car;;;;;;;
511;car;2506;2526;2526;101.04;1;inbound;76.5
515;car;2520;2542;2542;101.68;1;inbound;69.54545454545455
516;car;;;;;;;
517;car;;2633;;;;;
519;car;;2540;;;;;
521;car;2538;2559;2559;102.36;1;inbound;72.85714285714286
523;truck;2569;2599;2599;103.96;1;inbound;51.00000000000001
524;car;;2754;;;;;
528;car;;2693;;;;;
530;car;;2662;;;;;
532;car;;;;;;;
533;car;;2594;;;;;
534;car;2613;2635;2635;105.4;1;inbound;69.54545454545455
535;car;;;;;;;
536;car;;2826;;;;;
537;car;2635;2660;2660;106.4;1;inbound;61.2
539;car;2662;2684;2684;107.36;1;inbound;69.54545454545455
541;car;;2772;;;;;
542;car;;;;;;;
543;car;2709;2729;2729;109.16;1;inbound;76.5
544;truck;2720;2748;2748;109.92;1;inbound;54.64285714285714
546;car;2711;;;;;;
547;car;;2911;;;;;
550;bus;;;;;;;
551;bus;2750;2777;2777;111.08;1;inbound;56.666666666666664
552;car;2758;2781;2781;111.24;1;inbound;66.52173913043478
556;car;;2918;;;;;
557;truck;2756;;;;;;
560;car;;;;;;;
561;car;2798;2819;2819;112.76;1;inbound;72.85714285714286
562;car;;2912;;;;;
564;car;;2998;;;;;
565;bus;;2826;;;;;
566;car;;;;;;;
568;car;2834;2855;2855;114.2;1;inbound;72.85714285714286
570;car;;2871;;;;;
572;car;2869;2886;2886;115.44;1;inbound;89.99999999999999
576;car;;;;;;;
577;car;;2897;;;;;
578;car;2883;2903;2903;116.12;1;inbound;76.5
579;car;2886;2906;2906;116.24;1;inbound;76.5
580;car;;;;;;;
581;car;;;;;;;
582;car;2941;2964;2964;118.56;1;inbound;66.52173913043478
583;car;2935;2959;2959;118.36;1;inbound;63.75000000000001
584;car;2937;2965;2965;118.6;1;inbound;54.64285714285714
585;car;;3036;;;;;
586;car;2977;3001;3001;120.04;1;inbound;63.75000000000001
587;car;;;;;;;
588;car;2962;2987;2987;119.48;1;inbound;61.2
591;car;2987;3014;3014;120.56;1;inbound;56.666666666666664
592;car;2982;3009;3009;120.36;1;inbound;56.666666666666664
593;car;2995;3017;3017;120.68;1;inbound;69.54545454545455
596;car;;;;;;;
597;car;;;;;;;
599;car;3038;;;;;;
600;car;;;;;;;
602;car;3058;3077;3077;123.08;1;inbound;80.52631578947368
604;car;3069;3092;3092;123.68;1;inbound;66.52173913043478
605;car;;;;;;;
608;car;3097;;;;;;
609;car;3093;;;;;;
